"Labour Force Status by Sex by Sing/Comb Ethnic Group (Qrtly-Mar/Jun/Sep/Dec)","","","","","","","","","","","","","","","","","","","","","","","","","","","","","","","","","","","","","","","","","","","","","","","","","","","","","","","","","","","","","","","","","","","","","","","","","","","","","","","","","","","","","","","","","","","","","","","","","","","","","","","","","","","","","","","","","","","","","","","","","","","","","","","","","","","","","","","","","","","","","","","","","","","","","","","","","","","","","","","","","","","","","","","","","","","","","","","","","","","","","","","","","","","","","","","","","","","","","","","","","","","","","","","","","","","","","","","","","","","","","","","","","","","","","","","","","","","","","","","",""
"","Male","","","","","","","","","","","","","","","","","","","","","","","","","","","","","","","","","","","","","","","","","","","","","","","","","","","","","","","","","","","","","","","","","","","","","","","","","","","","","","","","Female","","","","","","","","","","","","","","","","","","","","","","","","","","","","","","","","","","","","","","","","","","","","","","","","","","","","","","","","","","","","","","","","","","","","","","","","","","","","","","","","Total Both Sexes","","","","","","","","","","","","","","","","","","","","","","","","","","","","","","","","","","","","","","","","","","","","","","","","","","","","","","","","","","","","","","","","","","","","","","","","","","","","","","",""
" ","European Only","","","","","","","","Maori Only","","","","","","","","Pacific Peoples Only","","","","","","","","Asian Only","","","","","","","","MELAA Only","","","","","","","","Other Ethnicity Only","","","","","","","","European/Maori","","","","","","","","Two or More Groups Not Elsewhere Included","","","","","","","","Residual Categories","","","","","","","","Total All Ethnic Groups","","","","","","","","European Only","","","","","","","","Maori Only","","","","","","","","Pacific Peoples Only","","","","","","","","Asian Only","","","","","","","","MELAA Only","","","","","","","","Other Ethnicity Only","","","","","","","","European/Maori","","","","","","","","Two or More Groups Not Elsewhere Included","","","","","","","","Residual Categories","","","","","","","","Total All Ethnic Groups","","","","","","","","European Only","","","","","","","","Maori Only","","","","","","","","Pacific Peoples Only","","","","","","","","Asian Only","","","","","","","","MELAA Only","","","","","","","","Other Ethnicity Only","","","","","","","","European/Maori","","","","","","","","Two or More Groups Not Elsewhere Included","","","","","","","","Residual Categories","","","","","","","","Total All Ethnic Groups","","","","","","",""
" ","Persons Employed in Labour Force","Persons Unemployed in Labour Force","Not in Labour Force","Working Age Population","Labour Force Participation Rate","Unemployment Rate","Employment Rate","Total Labour Force","Persons Employed in Labour Force","Persons Unemployed in Labour Force","Not in Labour Force","Working Age Population","Labour Force Participation Rate","Unemployment Rate","Employment Rate","Total Labour Force","Persons Employed in Labour Force","Persons Unemployed in Labour Force","Not in Labour Force","Working Age Population","Labour Force Participation Rate","Unemployment Rate","Employment Rate","Total Labour Force","Persons Employed in Labour Force","Persons Unemployed in Labour Force","Not in Labour Force","Working Age Population","Labour Force Participation Rate","Unemployment Rate","Employment Rate","Total Labour Force","Persons Employed in Labour Force","Persons Unemployed in Labour Force","Not in Labour Force","Working Age Population","Labour Force Participation Rate","Unemployment Rate","Employment Rate","Total Labour Force","Persons Employed in Labour Force","Persons Unemployed in Labour Force","Not in Labour Force","Working Age Population","Labour Force Participation Rate","Unemployment Rate","Employment Rate","Total Labour Force","Persons Employed in Labour Force","Persons Unemployed in Labour Force","Not in Labour Force","Working Age Population","Labour Force Participation Rate","Unemployment Rate","Employment Rate","Total Labour Force","Persons Employed in Labour Force","Persons Unemployed in Labour Force","Not in Labour Force","Working Age Population","Labour Force Participation Rate","Unemployment Rate","Employment Rate","Total Labour Force","Persons Employed in Labour Force","Persons Unemployed in Labour Force","Not in Labour Force","Working Age Population","Labour Force Participation Rate","Unemployment Rate","Employment Rate","Total Labour Force","Persons Employed in Labour Force","Persons Unemployed in Labour Force","Not in Labour Force","Working Age Population","Labour Force Participation Rate","Unemployment Rate","Employment Rate","Total Labour Force","Persons Employed in Labour Force","Persons Unemployed in Labour Force","Not in Labour Force","Working Age Population","Labour Force Participation Rate","Unemployment Rate","Employment Rate","Total Labour Force","Persons Employed in Labour Force","Persons Unemployed in Labour Force","Not in Labour Force","Working Age Population","Labour Force Participation Rate","Unemployment Rate","Employment Rate","Total Labour Force","Persons Employed in Labour Force","Persons Unemployed in Labour Force","Not in Labour Force","Working Age Population","Labour Force Participation Rate","Unemployment Rate","Employment Rate","Total Labour Force","Persons Employed in Labour Force","Persons Unemployed in Labour Force","Not in Labour Force","Working Age Population","Labour Force Participation Rate","Unemployment Rate","Employment Rate","Total Labour Force","Persons Employed in Labour Force","Persons Unemployed in Labour Force","Not in Labour Force","Working Age Population","Labour Force Participation Rate","Unemployment Rate","Employment Rate","Total Labour Force","Persons Employed in Labour Force","Persons Unemployed in Labour Force","Not in Labour Force","Working Age Population","Labour Force Participation Rate","Unemployment Rate","Employment Rate","Total Labour Force","Persons Employed in Labour Force","Persons Unemployed in Labour Force","Not in Labour Force","Working Age Population","Labour Force Participation Rate","Unemployment Rate","Employment Rate","Total Labour Force","Persons Employed in Labour Force","Persons Unemployed in Labour Force","Not in Labour Force","Working Age Population","Labour Force Participation Rate","Unemployment Rate","Employment Rate","Total Labour Force","Persons Employed in Labour Force","Persons Unemployed in Labour Force","Not in Labour Force","Working Age Population","Labour Force Participation Rate","Unemployment Rate","Employment Rate","Total Labour Force","Persons Employed in Labour Force","Persons Unemployed in Labour Force","Not in Labour Force","Working Age Population","Labour Force Participation Rate","Unemployment Rate","Employment Rate","Total Labour Force","Persons Employed in Labour Force","Persons Unemployed in Labour Force","Not in Labour Force","Working Age Population","Labour Force Participation Rate","Unemployment Rate","Employment Rate","Total Labour Force","Persons Employed in Labour Force","Persons Unemployed in Labour Force","Not in Labour Force","Working Age Population","Labour Force Participation Rate","Unemployment Rate","Employment Rate","Total Labour Force","Persons Employed in Labour Force","Persons Unemployed in Labour Force","Not in Labour Force","Working Age Population","Labour Force Participation Rate","Unemployment Rate","Employment Rate","Total Labour Force","Persons Employed in Labour Force","Persons Unemployed in Labour Force","Not in Labour Force","Working Age Population","Labour Force Participation Rate","Unemployment Rate","Employment Rate","Total Labour Force","Persons Employed in Labour Force","Persons Unemployed in Labour Force","Not in Labour Force","Working Age Population","Labour Force Participation Rate","Unemployment Rate","Employment Rate","Total Labour Force","Persons Employed in Labour Force","Persons Unemployed in Labour Force","Not in Labour Force","Working Age Population","Labour Force Participation Rate","Unemployment Rate","Employment Rate","Total Labour Force","Persons Employed in Labour Force","Persons Unemployed in Labour Force","Not in Labour Force","Working Age Population","Labour Force Participation Rate","Unemployment Rate","Employment Rate","Total Labour Force","Persons Employed in Labour Force","Persons Unemployed in Labour Force","Not in Labour Force","Working Age Population","Labour Force Participation Rate","Unemployment Rate","Employment Rate","Total Labour Force","Persons Employed in Labour Force","Persons Unemployed in Labour Force","Not in Labour Force","Working Age Population","Labour Force Participation Rate","Unemployment Rate","Employment Rate","Total Labour Force","Persons Employed in Labour Force","Persons Unemployed in Labour Force","Not in Labour Force","Working Age Population","Labour Force Participation Rate","Unemployment Rate","Employment Rate","Total Labour Force"
"2007Q4",845.8,19.4,276.7,1141.9,75.8,2.2,74.1,865.2,72.8,6.3,28.9,108.0,73.2,7.9,67.4,79.1,43.0,1.6,19.1,63.7,70.0,3.5,67.5,44.6,95.9,4.9,32.6,133.5,75.6,4.9,71.9,100.9,9.9,"..",3.5,14.2,75.4,7.8,69.5,10.7,5.9,"..",1.1,7.2,84.5,2.6,82.3,6.1,61.2,4.6,14.7,80.5,81.8,7.0,76.1,65.8,28.5,1.2,7.2,36.9,80.6,4.0,77.4,29.7,7.2,"..",1.7,9.3,81.7,4.6,78.0,7.6,1170.3,39.3,385.5,1595.2,75.8,3.2,73.4,1209.6,757.3,15.9,439.7,1212.8,63.8,2.1,62.4,773.2,64.1,6.6,50.6,121.4,58.3,9.4,52.8,70.7,37.3,2.4,32.2,71.9,55.2,6.2,51.8,39.7,76.9,4.5,65.0,146.3,55.6,5.5,52.5,81.3,4.4,"..",8.2,13.2,37.8,12.4,33.1,5.0,5.6,"..",1.9,7.4,75.0,"..",75.0,5.6,54.9,2.4,28.7,86.0,66.7,4.2,63.8,57.3,21.7,1.8,13.4,36.9,63.7,7.6,58.9,23.5,5.7,"..",4.1,10.0,58.7,2.6,57.2,5.9,1027.7,34.4,643.7,1705.9,62.3,3.2,60.2,1062.2,1603.1,35.3,716.4,2354.8,69.6,2.2,68.1,1638.4,136.9,12.9,79.5,229.3,65.3,8.6,59.7,149.8,80.3,4.0,51.3,135.6,62.2,4.8,59.2,84.3,172.8,9.4,97.6,279.8,65.1,5.1,61.8,182.2,14.3,1.5,11.7,27.4,57.3,9.3,52.0,15.7,11.5,"..",3.0,14.6,79.7,1.3,78.6,11.7,116.1,7.0,43.3,166.5,74.0,5.7,69.8,123.2,50.2,3.0,20.5,73.7,72.2,5.6,68.1,53.2,12.9,"..",5.8,19.3,69.8,3.7,67.2,13.4,2198.1,73.7,1029.2,3301.0,68.8,3.2,66.6,2271.8
"2008Q1",850.6,24.4,280.6,1155.7,75.7,2.8,73.6,875.0,71.0,7.7,32.1,110.8,71.0,9.8,64.1,78.7,41.3,3.3,18.4,63.0,70.8,7.5,65.5,44.6,91.3,3.6,36.6,131.5,72.2,3.8,69.4,94.8,9.3,"..",4.8,14.6,66.9,5.0,63.6,9.8,6.8,"..",1.8,9.1,80.0,6.5,74.8,7.3,58.7,4.6,20.4,83.7,75.7,7.3,70.1,63.3,17.2,1.7,5.3,24.1,78.2,8.9,71.2,18.9,4.2,"..",2.5,6.9,63.4,5.0,60.2,4.4,1150.3,46.5,402.6,1599.4,74.8,3.9,71.9,1196.9,730.8,23.3,454.7,1208.9,62.4,3.1,60.5,754.2,62.1,7.6,56.7,126.3,55.1,10.9,49.1,69.6,33.7,3.7,33.8,71.2,52.5,9.8,47.3,37.3,79.4,6.5,71.1,157.0,54.7,7.6,50.6,85.9,5.1,1.2,7.3,13.7,46.5,19.1,37.6,6.4,6.5,"..",4.2,10.8,60.8,1.5,59.9,6.6,56.4,4.2,27.8,88.3,68.6,6.9,63.8,60.6,15.9,"..",9.3,25.8,63.8,3.3,61.7,16.4,5.7,"..",2.7,8.7,69.1,5.6,65.3,6.0,995.5,47.5,667.7,1710.7,61.0,4.6,58.2,1043.0,1581.5,47.8,735.3,2364.6,68.9,2.9,66.9,1629.2,133.1,15.3,88.8,237.2,62.5,10.3,56.1,148.3,75.0,7.0,52.2,134.2,61.1,8.5,55.9,82.0,170.6,10.1,107.7,288.4,62.7,5.6,59.2,180.7,14.4,1.7,12.1,28.3,57.0,10.6,51.0,16.1,13.3,"..",6.1,19.9,69.6,4.1,66.7,13.9,115.1,8.8,48.1,172.0,72.0,7.1,66.9,123.9,33.1,2.2,14.6,49.9,70.7,6.3,66.3,35.3,9.8,"..",5.2,15.6,66.6,5.3,63.0,10.4,2145.8,94.0,1070.3,3310.1,67.7,4.2,64.8,2239.9
"2008Q2",836.5,24.4,277.0,1137.9,75.7,2.8,73.5,860.9,69.6,6.0,28.6,104.2,72.6,7.9,66.9,75.6,42.8,2.4,18.3,63.4,71.2,5.3,67.4,45.1,99.1,3.6,44.5,147.2,69.8,3.5,67.3,102.7,9.5,1.9,3.5,14.9,76.4,16.5,63.8,11.4,11.0,"..",2.8,14.2,80.4,3.8,77.3,11.4,66.0,5.1,19.6,90.8,78.4,7.2,72.8,71.2,17.1,"..",5.5,23.6,76.5,5.0,72.7,18.0,2.7,"..",3.0,5.7,46.8,"..",46.8,2.7,1154.4,44.6,402.9,1601.9,74.9,3.7,72.1,1199.1,735.1,19.5,439.8,1194.4,63.2,2.6,61.5,754.6,60.8,5.4,49.1,115.2,57.4,8.1,52.7,66.1,35.7,2.8,32.8,71.3,54.0,7.2,50.1,38.5,88.9,5.0,71.2,165.0,56.9,5.3,53.9,93.9,6.7,"..",9.0,16.7,46.0,12.7,40.2,7.7,8.8,1.1,6.5,16.4,60.3,11.1,53.6,9.9,61.1,3.9,34.9,99.9,65.0,6.1,61.1,65.0,17.6,"..",10.5,28.7,63.5,3.4,61.3,18.2,2.8,"..",3.4,6.2,45.2,"..",45.2,2.8,1017.4,39.2,657.2,1713.9,61.7,3.7,59.4,1056.7,1571.6,43.9,716.8,2332.3,69.3,2.7,67.4,1615.5,130.4,11.3,77.6,219.4,64.6,8.0,59.4,141.7,78.5,5.1,51.1,134.8,62.1,6.2,58.2,83.6,188.0,8.6,115.7,312.3,63.0,4.4,60.2,196.6,16.2,2.9,12.5,31.6,60.4,15.0,51.3,19.1,19.7,1.5,9.3,30.6,69.6,7.2,64.6,21.3,127.1,9.1,54.5,190.7,71.4,6.6,66.7,136.2,34.7,1.5,16.0,52.3,69.4,4.2,66.5,36.3,5.5,"..",6.4,11.9,46.0,"..",46.0,5.5,2171.9,83.9,1060.1,3315.8,68.0,3.7,65.5,2255.7
"2008Q3",824.3,26.6,282.1,1133.0,75.1,3.1,72.8,850.9,74.9,8.9,32.5,116.3,72.1,10.6,64.4,83.8,46.0,3.3,19.9,69.2,71.3,6.7,66.5,49.3,102.0,3.4,41.6,147.0,71.7,3.2,69.4,105.4,8.2,"..",6.5,15.5,58.1,9.0,52.9,9.0,10.4,"..",4.0,14.4,72.3,0.5,71.9,10.4,58.3,4.7,18.8,81.9,77.0,7.5,71.2,63.1,18.2,"..",5.0,23.8,78.9,3.1,76.5,18.8,2.9,"..","..",3.3,88.1,"..",88.1,2.9,1145.2,48.4,410.8,1604.4,74.4,4.1,71.4,1193.6,736.7,19.9,435.9,1192.5,63.4,2.6,61.8,756.6,64.0,5.7,52.6,122.3,57.0,8.2,52.3,69.7,39.8,3.5,35.0,78.3,55.3,8.1,50.8,43.3,87.5,5.3,70.6,163.4,56.8,5.7,53.6,92.8,7.1,"..",9.5,17.6,45.8,11.7,40.4,8.0,11.1,"..",6.8,18.7,63.5,6.3,59.5,11.9,58.4,3.3,32.5,94.2,65.5,5.4,61.9,61.7,16.5,1.1,9.0,26.6,66.2,6.5,61.9,17.6,3.2,"..","..",3.7,86.3,1.8,84.7,3.2,1024.2,40.7,652.3,1717.2,62.0,3.8,59.6,1064.9,1560.9,46.6,717.9,2325.4,69.1,2.9,67.1,1607.5,138.9,14.6,85.1,238.6,64.3,9.5,58.2,153.5,85.8,6.8,54.9,147.6,62.8,7.4,58.2,92.7,189.5,8.7,112.2,310.4,63.9,4.4,61.1,198.2,15.3,1.8,16.0,33.1,51.6,10.3,46.3,17.1,21.5,"..",10.8,33.1,67.3,3.6,64.9,22.3,116.7,8.1,51.3,176.1,70.9,6.5,66.3,124.8,34.7,1.7,14.0,50.4,72.2,4.7,68.8,36.4,6.0,"..","..",7.0,87.1,1.0,86.3,6.1,2169.4,89.1,1063.2,3321.7,68.0,3.9,65.3,2258.5
"2008Q4",835.6,26.6,270.1,1132.3,76.1,3.1,73.8,862.2,79.5,8.9,30.2,118.6,74.6,10.0,67.1,88.4,49.1,3.3,18.1,70.5,74.4,6.2,69.7,52.4,107.9,6.1,34.9,148.9,76.5,5.4,72.4,114.0,8.3,"..",4.9,13.6,64.3,4.5,61.3,8.7,13.4,"..",3.9,17.7,77.9,2.9,75.6,13.8,59.4,4.2,17.9,81.5,78.0,6.6,72.9,63.6,17.7,"..",4.8,23.5,79.4,5.1,75.3,18.7,1.6,"..","..",2.1,82.5,8.2,75.7,1.7,1172.5,50.9,385.1,1608.6,76.1,4.2,72.9,1223.4,742.5,22.6,432.2,1197.3,63.9,3.0,62.0,765.1,68.4,7.2,48.8,124.5,60.8,9.6,55.0,75.7,39.0,4.0,33.3,76.3,56.4,9.4,51.1,43.0,92.4,6.5,69.1,168.1,58.9,6.6,55.0,99.0,4.2,"..",6.6,11.7,43.7,18.1,35.8,5.1,12.4,"..",7.6,20.7,63.1,5.4,59.7,13.1,61.4,4.9,26.4,92.8,71.5,7.4,66.2,66.4,16.4,1.1,10.3,27.9,63.2,6.5,59.1,17.6,2.2,"..","..",3.0,76.0,1.5,74.8,2.3,1039.0,48.1,635.0,1722.2,63.1,4.4,60.3,1087.2,1578.0,49.2,702.3,2329.5,69.9,3.0,67.7,1627.3,148.0,16.1,78.9,243.0,67.5,9.8,60.9,164.1,88.1,7.3,51.3,146.7,65.0,7.6,60.0,95.4,200.3,12.7,104.0,317.0,67.2,5.9,63.2,213.0,12.5,1.3,11.5,25.4,54.7,9.5,49.5,13.9,25.8,1.1,11.5,38.4,69.9,4.1,67.1,26.9,120.8,9.1,44.3,174.2,74.6,7.0,69.3,129.9,34.2,2.1,15.1,51.4,70.6,5.8,66.5,36.3,3.8,"..",1.1,5.1,78.6,4.4,75.2,4.0,2211.6,99.1,1020.1,3330.7,69.4,4.3,66.4,2310.6
"2009Q1",825.5,33.0,274.2,1132.6,75.8,3.8,72.9,858.4,79.0,8.9,37.9,125.8,69.9,10.2,62.8,88.0,42.8,7.2,18.9,69.0,72.6,14.5,62.1,50.1,100.6,6.9,40.5,147.9,72.6,6.4,68.0,107.5,8.3,"..",4.9,14.2,65.3,10.4,58.5,9.3,16.3,"..",5.1,21.7,76.6,1.7,75.3,16.6,50.6,6.3,18.1,74.9,75.9,11.0,67.5,56.8,16.4,1.9,6.2,24.5,74.6,10.1,67.0,18.3,2.0,"..","..",2.9,88.4,23.3,67.8,2.6,1141.5,66.0,406.0,1613.6,74.8,5.5,70.7,1207.5,724.0,27.5,437.2,1188.6,63.2,3.7,60.9,751.4,68.2,8.7,54.4,131.3,58.6,11.3,51.9,76.9,35.9,4.6,39.6,80.1,50.6,11.4,44.9,40.6,95.8,6.3,72.0,174.1,58.6,6.2,55.0,102.1,4.4,"..",7.1,12.3,41.7,14.5,35.6,5.1,14.4,"..",7.4,22.3,66.8,2.8,64.9,14.9,52.8,6.4,27.8,87.0,68.0,10.8,60.7,59.1,17.6,2.2,10.5,30.2,65.3,11.0,58.1,19.7,"..","..","..",1.6,63.6,16.9,52.9,"..",1013.8,57.0,656.5,1727.3,62.0,5.3,58.7,1070.8,1549.4,60.4,711.4,2321.3,69.4,3.8,66.8,1609.9,147.2,17.7,92.2,257.1,64.1,10.7,57.3,164.9,78.8,11.9,58.4,149.1,60.8,13.1,52.8,90.7,196.3,13.2,112.5,322.0,65.1,6.3,61.0,209.5,12.7,1.7,12.1,26.5,54.4,11.9,47.9,14.4,30.8,"..",12.5,43.9,71.6,2.2,70.0,31.5,103.3,12.6,45.9,161.9,71.6,10.9,63.8,116.0,34.0,4.0,16.7,54.7,69.5,10.6,62.1,38.0,2.8,"..","..",4.5,79.8,21.5,62.6,3.6,2155.3,123.0,1062.6,3340.9,68.2,5.4,64.5,2278.3
"2009Q2",812.7,32.1,274.6,1119.4,75.5,3.8,72.6,844.8,78.1,10.4,35.2,123.8,71.5,11.8,63.1,88.5,42.8,5.2,19.3,67.3,71.3,10.9,63.6,48.0,109.7,7.6,42.4,159.7,73.5,6.5,68.7,117.3,9.4,1.5,5.9,16.7,64.8,13.7,55.9,10.8,18.8,"..",5.4,24.8,78.2,3.1,75.8,19.4,52.7,6.8,17.9,77.4,76.9,11.5,68.0,59.5,16.9,"..",9.0,26.8,66.3,5.1,63.0,17.8,1.7,"..","..",2.2,77.8,"..",77.8,1.7,1142.6,65.2,410.2,1618.0,74.6,5.4,70.6,1207.8,724.1,29.2,442.3,1195.7,63.0,3.9,60.6,753.3,64.9,9.7,54.5,129.0,57.8,13.0,50.3,74.5,31.9,5.7,40.2,77.7,48.3,15.1,41.0,37.5,90.4,8.0,68.8,167.3,58.8,8.2,54.0,98.4,6.6,1.4,6.2,14.3,56.4,17.7,46.4,8.1,16.2,"..",7.8,24.3,68.1,2.3,66.6,16.6,53.3,5.1,32.0,90.4,64.6,8.7,58.9,58.4,16.7,2.6,10.8,30.1,64.2,13.6,55.4,19.3,1.7,"..",1.0,3.0,65.2,14.6,55.7,1.9,1005.7,62.4,663.7,1731.8,61.7,5.8,58.1,1068.1,1536.8,61.3,716.9,2315.0,69.0,3.8,66.4,1598.1,143.0,20.1,89.7,252.8,64.5,12.3,56.6,163.1,74.7,10.9,59.5,145.1,59.0,12.7,51.5,85.6,200.1,15.7,111.2,326.9,66.0,7.3,61.2,215.8,16.0,2.9,12.1,31.0,60.9,15.4,51.5,18.9,35.0,"..",13.2,49.1,73.2,2.7,71.2,35.9,106.0,12.0,49.9,167.9,70.3,10.1,63.1,117.9,33.6,3.5,19.8,56.9,65.2,9.5,59.0,37.1,3.4,"..",1.5,5.2,70.5,7.8,65.0,3.6,2148.3,127.6,1073.9,3349.8,67.9,5.6,64.1,2275.9
"2009Q3",793.2,39.4,283.2,1115.7,74.6,4.7,71.1,832.6,74.7,11.2,38.7,124.5,69.0,13.1,59.9,85.9,40.5,4.9,21.9,67.4,67.4,10.8,60.2,45.4,108.5,8.8,49.3,166.5,70.4,7.5,65.2,117.3,9.0,"..",5.6,15.6,64.2,9.5,58.1,10.0,18.9,"..",6.7,26.4,74.5,3.6,71.8,19.6,53.9,5.7,16.9,76.5,77.9,9.5,70.5,59.6,16.0,2.9,9.2,28.1,67.3,15.1,57.1,18.9,1.3,"..","..",1.9,68.6,"..",68.6,1.3,1116.1,74.4,432.0,1622.6,73.4,6.3,68.8,1190.6,723.5,29.1,431.7,1184.3,63.6,3.9,61.1,752.6,64.1,11.3,56.2,131.6,57.3,14.9,48.7,75.4,34.4,4.9,41.4,80.7,48.7,12.4,42.6,39.3,91.0,7.1,79.7,177.8,55.2,7.3,51.2,98.1,6.4,"..",7.1,13.8,48.3,4.5,46.2,6.7,17.2,"..",9.3,27.2,65.9,4.0,63.3,17.9,51.4,6.5,31.1,89.1,65.1,11.3,57.7,57.9,18.0,2.6,9.8,30.4,67.7,12.5,59.2,20.6,1.4,"..","..",2.2,66.6,3.4,64.3,1.5,1007.4,62.5,667.0,1737.0,61.6,5.8,58.0,1070.0,1516.7,68.5,714.8,2300.0,68.9,4.3,65.9,1585.2,138.8,22.5,94.8,256.1,63.0,13.9,54.2,161.3,74.9,9.8,63.3,148.0,57.2,11.5,50.6,84.7,199.5,15.9,128.9,344.3,62.5,7.4,57.9,215.4,15.4,1.2,12.7,29.4,56.7,7.5,52.5,16.7,36.2,1.4,16.0,53.6,70.1,3.7,67.5,37.6,105.3,12.2,48.0,165.6,71.0,10.4,63.6,117.5,34.0,5.4,19.0,58.4,67.5,13.8,58.2,39.5,2.7,"..",1.3,4.1,67.5,1.8,66.3,2.8,2123.5,137.0,1099.0,3359.5,67.3,6.1,63.2,2260.5
"2009Q4",809.9,35.5,273.1,1118.5,75.6,4.2,72.4,845.3,75.7,14.1,35.8,125.6,71.5,15.7,60.2,89.8,41.5,6.5,20.8,68.7,69.7,13.5,60.3,47.9,115.2,9.9,43.3,168.4,74.3,7.9,68.4,125.1,7.9,1.2,4.3,13.4,67.9,13.1,59.0,9.1,18.5,"..",7.8,26.8,71.1,3.3,68.8,19.1,50.1,8.0,18.4,76.6,75.9,13.7,65.5,58.1,17.0,2.9,8.5,28.4,70.1,14.8,59.8,19.9,1.5,"..","..",2.0,78.0,3.8,75.0,1.6,1137.2,78.8,412.5,1628.5,74.7,6.5,69.8,1216.0,727.9,31.0,429.9,1188.7,63.8,4.1,61.2,758.8,68.7,11.1,56.8,136.7,58.4,13.9,50.3,79.8,35.0,5.2,37.8,78.1,51.6,13.0,44.9,40.3,93.6,9.0,76.7,179.3,57.2,8.8,52.2,102.6,5.4,1.4,7.2,14.1,48.5,20.8,38.4,6.8,15.8,"..",10.7,27.1,60.4,3.0,58.5,16.3,48.0,7.6,30.7,86.3,64.4,13.6,55.6,55.5,20.3,2.5,9.3,32.1,71.0,11.0,63.2,22.8,"..","..","..",1.3,52.5,"..",52.5,"..",1015.4,68.3,659.8,1743.6,62.2,6.3,58.2,1083.7,1537.8,66.4,703.1,2307.2,69.5,4.1,66.6,1604.2,144.4,25.2,92.7,262.3,64.7,14.9,55.0,169.6,76.5,11.7,58.6,146.8,60.1,13.3,52.1,88.2,208.8,18.9,120.0,347.7,65.5,8.3,60.0,227.7,13.3,2.6,11.5,27.5,58.0,16.4,48.4,15.9,34.3,1.1,18.5,53.9,65.7,3.1,63.6,35.4,98.1,15.5,49.2,162.8,69.8,13.7,60.3,113.7,37.3,5.5,17.8,60.5,70.6,12.8,61.6,42.7,2.2,"..",1.1,3.3,68.0,2.7,66.2,2.3,2152.6,147.1,1072.4,3372.0,68.2,6.4,63.8,2299.7
"2010Q1",801.0,32.6,278.2,1111.8,75.0,3.9,72.0,833.6,76.2,12.0,38.1,126.2,69.8,13.6,60.3,88.1,44.0,6.7,22.1,72.9,69.6,13.2,60.4,50.7,113.1,10.4,43.4,166.9,74.0,8.4,67.7,123.5,9.6,1.1,4.5,15.2,70.5,10.2,63.3,10.7,20.2,"..",8.9,30.0,70.4,4.4,67.3,21.1,53.0,6.3,18.0,77.3,76.7,10.7,68.5,59.3,19.7,2.3,8.5,30.4,72.2,10.3,64.7,22.0,2.8,"..","..",3.5,78.9,"..",78.9,2.8,1139.5,72.3,422.5,1634.3,74.1,6.0,69.7,1211.8,720.9,31.6,439.0,1191.4,63.2,4.2,60.5,752.4,69.9,12.0,56.1,137.9,59.3,14.6,50.7,81.8,35.9,6.0,38.5,80.4,52.1,14.3,44.7,41.9,91.9,10.8,74.7,177.3,57.9,10.5,51.8,102.6,5.0,1.4,6.2,12.7,50.9,22.2,39.6,6.5,17.4,1.3,10.6,29.3,64.0,7.0,59.5,18.7,47.0,8.5,29.6,85.1,65.2,15.3,55.2,55.5,18.1,1.8,13.5,33.4,59.6,8.9,54.3,19.9,1.3,"..","..",2.1,67.2,5.1,63.7,1.4,1007.4,73.4,668.9,1749.7,61.8,6.8,57.6,1080.8,1521.9,64.2,717.2,2303.2,68.9,4.0,66.1,1586.0,146.0,23.9,94.2,264.1,64.3,14.1,55.3,169.9,79.9,12.7,60.6,153.2,60.5,13.7,52.1,92.6,205.0,21.2,118.1,344.3,65.7,9.4,59.5,226.2,14.7,2.5,10.7,28.0,61.6,14.8,52.5,17.2,37.6,2.2,19.4,59.3,67.2,5.6,63.5,39.8,100.0,14.8,47.6,162.4,70.7,12.9,61.6,114.8,37.8,4.0,22.0,63.8,65.6,9.6,59.3,41.8,4.1,"..",1.4,5.6,74.5,1.7,73.2,4.2,2146.9,145.7,1091.3,3384.0,67.7,6.4,63.4,2292.6
"2010Q2",802.7,37.8,282.5,1122.9,74.8,4.5,71.5,840.5,76.4,14.1,36.5,127.0,71.3,15.6,60.1,90.5,39.3,6.0,22.1,67.4,67.2,13.2,58.3,45.3,111.1,10.6,40.6,162.3,75.0,8.7,68.5,121.8,9.5,"..",6.2,16.6,62.4,8.2,57.3,10.4,22.0,"..",8.9,31.5,71.6,2.6,69.7,22.6,53.7,4.8,20.0,78.6,74.5,8.2,68.4,58.6,15.9,2.8,8.8,27.6,68.0,15.1,57.8,18.7,2.6,"..","..",3.6,88.4,17.5,72.9,3.2,1133.4,78.2,426.1,1637.6,74.0,6.5,69.2,1211.5,725.7,28.7,437.1,1191.5,63.3,3.8,60.9,754.4,65.3,12.8,60.3,138.4,56.4,16.4,47.2,78.1,31.1,5.1,38.6,74.8,48.4,14.1,41.6,36.2,91.7,10.3,77.8,179.8,56.7,10.1,51.0,102.0,7.5,"..",7.3,15.6,53.3,10.2,47.9,8.3,18.1,"..",11.9,30.7,61.3,3.6,59.1,18.8,49.6,6.9,30.4,86.9,65.0,12.2,57.1,56.5,16.6,3.1,13.6,33.4,59.2,15.8,49.8,19.7,1.7,"..","..",2.7,75.5,14.7,64.5,2.0,1007.4,68.8,677.5,1753.7,61.4,6.4,57.4,1076.1,1528.4,66.4,719.5,2314.4,68.9,4.2,66.0,1594.8,141.7,26.9,96.8,265.5,63.5,16.0,53.4,168.6,70.5,11.1,60.7,142.3,57.3,13.6,49.5,81.6,202.9,20.9,118.3,342.1,65.4,9.4,59.3,223.8,17.0,1.7,13.5,32.2,58.0,9.1,52.7,18.7,40.1,1.3,20.8,62.2,66.5,3.1,64.5,41.4,103.3,11.7,50.4,165.5,69.6,10.2,62.5,115.1,32.5,6.0,22.4,60.9,63.2,15.5,53.4,38.5,4.3,"..",1.1,6.3,82.9,16.4,69.3,5.2,2140.7,146.9,1103.6,3391.3,67.5,6.4,63.1,2287.7
"2010Q3",810.5,28.4,279.5,1118.4,75.0,3.4,72.5,838.9,74.0,13.9,37.5,125.4,70.1,15.8,59.0,87.9,42.7,5.1,21.5,69.3,69.0,10.7,61.6,47.8,106.2,9.1,44.3,159.6,72.2,7.9,66.5,115.2,10.0,1.2,7.1,18.3,61.0,10.5,54.7,11.1,25.5,"..",8.4,34.8,75.7,3.3,73.2,26.4,56.5,5.7,19.6,81.9,76.0,9.1,69.1,62.2,18.7,2.5,9.8,31.0,68.3,11.8,60.2,21.2,1.2,"..","..",2.1,66.9,15.0,56.9,1.4,1145.3,66.9,428.5,1640.7,73.9,5.5,69.8,1212.2,716.2,34.2,434.7,1185.0,63.3,4.6,60.4,750.4,66.8,12.5,60.0,139.3,56.9,15.8,48.0,79.3,33.9,6.3,40.8,81.0,49.6,15.7,41.8,40.2,93.4,6.4,78.2,178.0,56.1,6.5,52.4,99.8,8.5,1.3,7.1,16.9,58.1,12.9,50.6,9.8,21.3,"..",12.1,33.8,64.2,1.9,62.9,21.7,50.7,5.5,31.5,87.7,64.1,9.8,57.8,56.2,16.5,2.8,13.2,32.5,59.3,14.4,50.8,19.3,1.5,"..",1.9,3.4,45.5,6.4,42.6,1.6,1008.7,69.6,679.4,1757.6,61.3,6.5,57.4,1078.3,1526.7,62.6,714.1,2303.4,69.0,3.9,66.3,1589.3,140.8,26.4,97.5,264.7,63.2,15.8,53.2,167.2,76.6,11.4,62.3,150.4,58.6,13.0,51.0,88.0,199.5,15.5,122.5,337.6,63.7,7.2,59.1,215.0,18.5,2.4,14.2,35.1,59.6,11.6,52.7,20.9,46.8,1.3,20.5,68.6,70.0,2.7,68.2,48.0,107.2,11.2,51.1,169.5,69.9,9.5,63.2,118.4,35.2,5.3,23.1,63.5,63.7,13.0,55.4,40.5,2.6,"..",2.6,5.5,53.6,10.4,48.0,3.0,2154.0,136.4,1107.9,3398.3,67.4,6.0,63.4,2290.4
"2010Q4",812.4,34.6,273.2,1120.1,75.6,4.1,72.5,847.0,75.3,15.4,39.6,130.3,69.6,16.9,57.8,90.7,45.7,5.2,24.2,75.1,67.8,10.2,60.9,50.9,110.2,8.1,41.4,159.7,74.1,6.8,69.0,118.3,8.8,"..",5.0,14.5,65.3,7.2,60.6,9.5,23.8,"..",9.4,33.9,72.3,3.2,70.0,24.5,54.6,5.2,19.5,79.2,75.4,8.7,68.8,59.8,17.6,2.6,9.2,29.4,68.7,12.9,59.8,20.2,2.5,"..","..",3.5,73.5,3.7,70.8,2.6,1150.8,72.6,422.4,1645.7,74.3,5.9,69.9,1223.3,720.9,32.0,435.2,1188.1,63.4,4.3,60.7,752.9,69.7,11.1,60.7,141.5,57.1,13.7,49.2,80.8,36.8,6.4,39.4,82.7,52.3,14.8,44.6,43.2,95.5,9.4,73.5,178.4,58.8,8.9,53.5,104.9,7.6,"..",7.8,15.5,49.8,1.8,48.9,7.7,21.0,"..",12.0,33.4,64.1,1.8,63.0,21.4,51.6,6.7,29.6,87.9,66.3,11.5,58.7,58.3,17.0,2.5,12.4,31.8,61.1,12.6,53.4,19.4,2.4,"..",1.1,3.6,69.1,6.0,65.0,2.5,1022.5,68.7,671.7,1762.9,61.9,6.3,58.0,1091.2,1533.2,66.6,708.4,2308.2,69.3,4.2,66.4,1599.8,145.0,26.5,100.3,271.7,63.1,15.4,53.4,171.5,82.5,11.6,63.6,157.7,59.7,12.3,52.3,94.1,205.7,17.4,114.9,338.0,66.0,7.8,60.9,223.1,16.4,"..",12.8,30.0,57.3,4.8,54.5,17.2,44.8,1.2,21.4,67.4,68.2,2.5,66.5,46.0,106.2,11.9,49.1,167.2,70.6,10.1,63.5,118.1,34.6,5.1,21.6,61.2,64.8,12.8,56.5,39.7,4.9,"..",2.1,7.2,71.3,4.8,67.9,5.1,2173.3,141.3,1094.1,3408.6,67.9,6.1,63.8,2314.5
"2011Q1",802.7,32.0,273.4,1108.0,75.3,3.8,72.4,834.6,75.4,14.4,39.2,129.0,69.6,16.1,58.4,89.8,46.7,7.0,22.2,75.9,70.8,13.1,61.5,53.7,121.3,9.6,39.6,170.5,76.8,7.3,71.1,130.9,8.6,"..",4.1,13.7,70.1,9.8,63.2,9.6,21.6,"..",9.4,31.7,70.5,3.2,68.2,22.3,54.9,5.9,19.7,80.5,75.6,9.8,68.2,60.8,18.5,3.5,11.0,32.9,66.6,15.8,56.1,21.9,6.0,"..",1.5,7.9,81.2,6.5,75.9,6.4,1155.7,74.5,420.0,1650.1,74.5,6.1,70.0,1230.1,714.2,37.8,425.7,1177.6,63.9,5.0,60.6,751.9,68.9,12.2,62.4,143.4,56.5,15.1,48.0,81.1,39.2,5.8,40.6,85.7,52.6,13.0,45.8,45.1,101.4,8.3,73.0,182.7,60.0,7.6,55.5,109.7,8.5,"..",5.9,15.1,61.3,8.2,56.3,9.3,21.6,"..",11.8,34.1,65.4,3.2,63.3,22.3,47.8,7.7,31.1,86.5,64.1,13.8,55.2,55.4,18.9,1.2,12.1,32.2,62.4,6.1,58.6,20.1,5.8,"..",3.8,10.1,62.5,7.8,57.6,6.3,1026.1,75.0,666.3,1767.4,62.3,6.8,58.1,1101.1,1516.8,69.7,699.1,2285.6,69.4,4.4,66.4,1586.6,144.2,26.6,101.6,272.4,62.7,15.6,52.9,170.9,85.9,12.9,62.8,161.6,61.1,13.0,53.2,98.8,222.6,17.9,112.7,353.2,68.1,7.4,63.0,240.5,17.2,1.7,9.9,28.8,65.5,9.0,59.6,18.8,43.2,1.4,21.2,65.8,67.8,3.2,65.7,44.6,102.7,13.6,50.8,167.0,69.6,11.7,61.5,116.3,37.3,4.7,23.1,65.1,64.5,11.1,57.4,42.0,11.8,"..",5.3,18.0,70.7,7.2,65.6,12.7,2181.8,149.5,1086.3,3417.5,68.2,6.4,63.8,2331.2
"2011Q2",811.8,35.5,272.9,1120.3,75.6,4.2,72.5,847.4,71.8,11.0,40.8,123.5,67.0,13.3,58.1,82.8,41.5,5.3,24.5,71.3,65.6,11.3,58.2,46.7,108.6,7.0,46.7,162.3,71.2,6.1,66.9,115.6,11.0,1.0,5.2,17.2,69.7,8.4,63.9,12.0,22.4,"..",9.7,33.0,70.5,3.7,67.9,23.3,60.8,5.6,22.1,88.5,75.0,8.4,68.7,66.3,17.7,3.8,9.4,30.9,69.5,17.8,57.1,21.5,3.6,"..","..",5.1,80.9,11.5,71.7,4.1,1149.2,70.6,432.4,1652.1,73.8,5.8,69.6,1219.8,721.3,32.3,437.3,1190.9,63.3,4.3,60.6,753.6,69.5,10.7,61.0,141.2,56.8,13.3,49.2,80.2,33.3,5.0,39.8,78.1,49.0,13.0,42.6,38.3,102.5,5.0,69.8,177.3,60.6,4.7,57.8,107.5,9.4,1.4,7.1,17.9,60.1,12.9,52.3,10.7,19.4,1.0,13.5,34.0,60.1,5.1,57.1,20.4,50.7,7.4,32.4,90.5,64.2,12.7,56.0,58.1,18.7,2.6,12.3,33.6,63.5,12.1,55.8,21.3,3.9,"..",2.1,6.4,67.2,9.5,60.8,4.3,1028.7,65.8,675.4,1769.9,61.8,6.0,58.1,1094.5,1533.2,67.8,710.2,2311.2,69.3,4.2,66.3,1601.0,141.3,21.7,101.8,264.7,61.6,13.3,53.4,162.9,74.8,10.2,64.3,149.3,56.9,12.0,50.1,85.0,211.1,12.1,116.5,339.6,65.7,5.4,62.2,223.1,20.4,2.4,12.3,35.1,64.8,10.5,58.0,22.8,41.8,1.9,23.3,67.0,65.3,4.3,62.4,43.7,111.5,13.0,54.5,179.0,69.5,10.4,62.3,124.5,36.4,6.4,21.7,64.6,66.4,15.0,56.4,42.8,7.5,"..",3.1,11.5,73.3,10.5,65.6,8.4,2177.9,136.3,1107.7,3422.0,67.6,5.9,63.6,2314.3
"2011Q3",804.1,29.0,275.1,1108.3,75.2,3.5,72.6,833.1,74.4,14.2,38.4,127.0,69.7,16.0,58.6,88.6,48.5,6.6,27.3,82.3,66.9,11.9,58.9,55.1,109.6,7.1,45.9,162.6,71.8,6.1,67.4,116.7,10.9,1.2,5.0,17.1,70.5,9.7,63.6,12.1,22.0,"..",10.6,33.0,67.8,2.0,66.5,22.4,58.8,6.0,21.3,86.1,75.3,9.3,68.2,64.8,19.3,3.6,9.7,32.7,70.3,15.9,59.1,23.0,3.8,"..","..",5.0,84.2,8.9,76.7,4.2,1151.4,68.5,434.2,1654.1,73.7,5.6,69.6,1219.9,718.4,31.1,433.3,1182.8,63.4,4.1,60.7,749.5,70.2,10.8,61.3,142.2,56.9,13.3,49.3,80.9,37.4,6.0,43.1,86.5,50.2,13.7,43.3,43.4,99.3,8.9,77.2,185.4,58.4,8.2,53.6,108.2,6.7,2.0,5.5,14.1,60.9,22.8,47.1,8.6,20.1,"..",14.0,35.0,60.0,4.1,57.5,21.0,51.7,4.8,34.9,91.4,61.8,8.5,56.6,56.5,17.6,3.3,10.3,31.1,67.0,15.7,56.4,20.8,2.5,"..",1.1,3.9,71.3,8.6,65.2,2.8,1024.0,67.8,680.7,1772.5,61.6,6.2,57.8,1091.8,1522.5,60.1,708.5,2291.1,69.1,3.8,66.5,1582.6,144.6,24.9,99.7,269.2,63.0,14.7,53.7,169.5,85.9,12.5,70.4,168.9,58.3,12.7,50.9,98.5,209.0,15.9,123.0,347.9,64.6,7.1,60.1,224.9,17.5,3.1,10.6,31.2,66.2,15.2,56.1,20.7,42.1,1.3,24.6,68.0,63.8,3.0,61.9,43.4,110.5,10.9,56.2,177.6,68.4,8.9,62.2,121.4,36.9,6.9,20.0,63.8,68.7,15.8,57.8,43.8,6.3,"..",1.9,8.8,78.6,8.8,71.7,6.9,2175.4,136.3,1114.9,3426.6,67.5,5.9,63.5,2311.7
"2011Q4",814.4,30.1,272.0,1116.6,75.6,3.6,72.9,844.6,74.2,13.5,39.7,127.4,68.8,15.4,58.2,87.7,47.3,6.5,24.8,78.5,68.4,12.0,60.2,53.7,113.2,12.0,41.0,166.3,75.3,9.6,68.1,125.2,10.7,1.1,3.2,15.0,78.5,9.2,71.3,11.8,20.3,1.1,9.6,31.1,69.0,5.3,65.3,21.5,58.2,7.7,19.9,85.9,76.8,11.7,67.8,66.0,20.1,2.5,9.8,32.3,69.8,10.8,62.3,22.6,3.1,"..",1.4,4.6,71.0,5.8,66.9,3.3,1161.6,74.7,421.6,1657.8,74.6,6.0,70.1,1236.3,737.8,29.0,426.3,1193.1,64.3,3.8,61.8,766.8,70.3,11.9,58.8,141.0,58.3,14.4,49.9,82.2,37.3,6.8,39.5,83.6,52.7,15.4,44.6,44.0,100.1,6.5,74.8,181.5,58.8,6.1,55.2,106.6,6.0,"..",6.7,13.1,48.9,6.7,45.6,6.4,18.9,"..",14.5,34.2,57.7,4.3,55.2,19.8,51.3,6.4,35.8,93.6,61.7,11.1,54.8,57.7,19.4,2.2,11.5,33.1,65.3,10.2,58.6,21.6,1.3,"..",1.9,3.6,46.5,20.9,36.8,1.7,1042.4,64.5,669.9,1776.7,62.3,5.8,58.7,1106.8,1552.2,59.2,698.3,2309.7,69.8,3.7,67.2,1611.3,144.5,25.4,98.5,268.4,63.3,14.9,53.8,169.9,84.5,13.2,64.3,162.1,60.3,13.5,52.2,97.8,213.3,18.6,115.9,347.7,66.7,8.0,61.3,231.9,16.7,1.5,9.9,28.1,64.7,8.3,59.3,18.2,39.2,2.0,24.1,65.4,63.1,4.8,60.0,41.2,109.6,14.1,55.8,179.5,68.9,11.4,61.0,123.7,39.5,4.6,21.2,65.4,67.5,10.5,60.4,44.2,4.4,"..",3.3,8.3,60.2,10.9,53.7,5.0,2203.9,139.2,1091.4,3434.5,68.2,5.9,64.2,2343.1
"2012Q1",813.3,38.3,276.5,1128.1,75.5,4.5,72.1,851.6,76.6,12.0,38.4,127.0,69.8,13.6,60.3,88.6,42.8,5.7,24.6,73.0,66.3,11.7,58.6,48.4,112.2,9.5,36.4,158.1,77.0,7.8,71.0,121.7,9.9,"..",4.4,15.1,71.0,7.6,65.6,10.7,21.2,1.1,9.5,31.7,70.2,4.8,66.8,22.3,58.3,6.7,19.2,84.2,77.2,10.3,69.3,65.0,22.8,4.8,9.1,36.8,75.3,17.5,62.1,27.7,5.0,"..",1.7,7.2,76.9,9.9,69.3,5.5,1162.1,79.4,419.7,1661.2,74.7,6.4,70.0,1241.5,725.3,33.3,429.3,1188.0,63.9,4.4,61.1,758.7,70.2,13.2,55.9,139.4,59.9,15.8,50.4,83.4,33.9,6.5,38.3,78.7,51.4,16.1,43.1,40.5,99.6,10.0,75.4,185.0,59.3,9.1,53.8,109.6,5.7,1.7,5.7,13.2,56.8,23.3,43.5,7.5,20.2,1.4,13.8,35.4,61.1,6.6,57.1,21.6,52.5,7.3,32.3,92.1,64.9,12.2,57.0,59.8,22.7,4.1,13.8,40.6,66.1,15.4,55.9,26.8,4.1,1.0,2.7,7.9,65.0,19.8,52.2,5.1,1034.4,78.7,667.2,1780.3,62.5,7.1,58.1,1113.1,1538.6,71.6,705.8,2316.1,69.5,4.4,66.4,1610.2,146.8,25.2,94.3,266.4,64.6,14.7,55.1,172.1,76.7,12.2,62.8,151.7,58.6,13.7,50.6,88.9,211.8,19.5,111.8,343.1,67.4,8.4,61.7,231.3,15.6,2.6,10.1,28.3,64.4,14.0,55.3,18.2,41.4,2.5,23.2,67.2,65.4,5.7,61.7,43.9,110.8,14.0,51.5,176.3,70.8,11.2,62.9,124.8,45.6,9.0,22.9,77.4,70.5,16.4,58.9,54.5,9.1,1.6,4.4,15.0,70.7,14.6,60.4,10.6,2196.5,158.1,1086.8,3441.5,68.4,6.7,63.8,2354.6
"2012Q2",809.2,34.4,288.7,1132.3,74.5,4.1,71.5,843.6,71.2,11.4,36.5,119.1,69.4,13.8,59.8,82.7,39.4,5.4,23.7,68.5,65.5,12.1,57.5,44.9,106.5,8.1,44.4,159.0,72.1,7.1,67.0,114.7,11.0,"..",4.5,16.3,72.4,6.6,67.6,11.8,22.4,1.0,9.7,33.1,70.6,4.3,67.6,23.4,64.5,7.7,21.3,93.6,77.2,10.7,68.9,72.2,21.9,3.4,11.7,37.0,68.3,13.5,59.1,25.3,2.7,"..",1.1,3.9,71.8,4.2,68.8,2.8,1148.8,72.5,441.6,1662.9,73.4,5.9,69.1,1221.3,738.0,34.7,426.3,1199.0,64.4,4.5,61.6,772.7,68.0,11.1,59.8,138.8,56.9,14.0,49.0,79.0,31.8,7.0,41.3,80.1,48.4,18.0,39.7,38.8,99.5,8.9,69.5,177.9,60.9,8.2,55.9,108.4,4.1,"..",7.3,11.8,38.3,8.8,34.9,4.5,20.5,1.8,13.1,35.5,63.0,8.2,57.8,22.3,51.7,4.9,38.3,95.0,59.6,8.7,54.5,56.7,20.9,3.5,15.7,40.1,60.9,14.2,52.2,24.4,2.5,"..",1.5,4.4,66.2,15.0,56.3,2.9,1037.1,72.7,672.8,1782.6,62.3,6.6,58.2,1109.8,1547.2,69.1,715.0,2331.3,69.3,4.3,66.4,1616.3,139.2,22.5,96.2,257.9,62.7,13.9,54.0,161.7,71.2,12.4,65.0,148.7,56.3,14.9,47.9,83.7,206.0,17.1,113.8,336.9,66.2,7.7,61.1,223.1,15.1,1.2,11.8,28.1,58.1,7.2,53.9,16.3,42.9,2.8,22.9,68.6,66.7,6.2,62.5,45.7,116.2,12.7,59.7,188.6,68.4,9.8,61.6,128.9,42.8,6.9,27.4,77.1,64.4,13.8,55.5,49.7,5.2,"..",2.6,8.3,68.9,9.7,62.2,5.7,2185.9,145.2,1114.4,3445.5,67.7,6.2,63.4,2331.1
"2012Q3",801.5,33.6,291.0,1126.0,74.2,4.0,71.2,835.0,72.5,13.5,37.7,123.8,69.5,15.7,58.6,86.0,40.8,4.8,22.4,68.0,67.0,10.5,60.0,45.5,113.1,14.1,45.7,172.8,73.6,11.1,65.4,127.1,10.5,"..",2.7,14.1,80.7,7.8,74.4,11.4,18.3,"..",10.5,29.7,64.8,5.1,61.5,19.2,58.8,7.9,24.5,91.1,73.2,11.9,64.5,66.7,18.9,3.8,14.6,37.2,60.9,16.6,50.7,22.6,1.5,"..","..",2.3,71.8,8.8,65.5,1.7,1135.7,79.6,449.6,1664.9,73.0,6.5,68.2,1215.3,725.7,34.8,428.3,1188.8,64.0,4.6,61.0,760.5,68.4,13.6,57.1,139.1,59.0,16.6,49.2,82.0,31.3,6.8,40.4,78.5,48.6,17.9,39.9,38.1,107.6,9.1,77.7,194.4,60.0,7.8,55.4,116.7,4.4,"..",6.4,11.6,44.4,13.9,38.2,5.1,18.6,1.1,12.0,31.8,62.1,5.7,58.5,19.7,53.7,7.4,33.8,94.9,64.4,12.1,56.6,61.1,24.5,2.0,18.3,44.8,59.2,7.6,54.7,26.5,"..","..","..",1.6,67.7,13.8,58.4,1.1,1035.1,75.7,674.5,1785.4,62.2,6.8,58.0,1110.8,1527.1,68.4,719.2,2314.8,68.9,4.3,66.0,1595.6,140.9,27.1,94.8,262.8,63.9,16.1,53.6,168.0,72.1,11.6,62.8,146.5,57.1,13.9,49.2,83.7,220.7,23.1,123.4,367.2,66.4,9.5,60.1,243.8,14.9,1.6,9.1,25.6,64.3,9.7,58.1,16.5,36.9,2.1,22.5,61.5,63.4,5.4,60.0,39.0,112.5,15.3,58.3,186.0,68.7,12.0,60.5,127.7,43.4,5.8,32.8,82.0,60.0,11.8,52.9,49.2,2.5,"..",1.2,3.9,70.1,10.8,62.6,2.7,2170.8,155.3,1124.1,3450.3,67.4,6.7,62.9,2326.1
"2012Q4",802.1,37.2,291.4,1130.8,74.2,4.4,70.9,839.3,68.3,13.3,39.6,121.2,67.3,16.3,56.4,81.6,38.5,4.3,22.3,65.1,65.8,10.0,59.2,42.8,117.0,7.4,46.4,170.8,72.9,6.0,68.5,124.5,9.7,"..",3.6,13.9,74.3,6.5,69.5,10.3,20.7,"..",9.9,31.4,68.4,4.0,65.7,21.5,60.7,6.7,25.6,93.0,72.5,10.0,65.2,67.4,22.0,3.1,14.1,39.1,63.9,12.2,56.1,25.0,2.5,"..",1.2,3.8,69.3,6.9,64.5,2.6,1141.5,73.7,454.1,1669.2,72.8,6.1,68.4,1215.2,720.5,30.1,446.9,1197.5,62.7,4.0,60.2,750.6,67.5,13.8,58.7,140.0,58.1,17.0,48.2,81.3,30.2,6.9,40.2,77.3,48.0,18.5,39.1,37.1,107.7,8.1,76.7,192.4,60.1,7.0,56.0,115.7,3.8,"..",5.8,9.8,40.3,3.9,38.7,3.9,19.2,"..",11.4,31.4,63.8,4.1,61.2,20.0,53.1,7.2,35.6,95.9,62.9,12.0,55.3,60.3,21.0,5.4,15.9,42.2,62.4,20.4,49.7,26.3,2.2,"..",1.1,3.4,68.6,6.7,64.0,2.4,1025.0,72.6,692.3,1789.9,61.3,6.6,57.3,1097.6,1522.6,67.3,738.4,2328.3,68.3,4.2,65.4,1589.9,135.8,27.2,98.3,261.2,62.4,16.7,52.0,162.9,68.8,11.1,62.5,142.4,56.1,13.9,48.3,79.9,224.7,15.5,123.0,363.2,66.1,6.4,61.9,240.2,13.4,"..",9.4,23.7,60.3,5.8,56.8,14.3,39.9,1.7,21.3,62.8,66.1,4.1,63.4,41.5,113.8,13.9,61.2,188.9,67.6,10.9,60.2,127.7,42.9,8.4,30.0,81.4,63.1,16.4,52.8,51.4,4.7,"..",2.2,7.2,69.0,6.8,64.3,5.0,2166.5,146.3,1146.3,3459.1,66.9,6.3,62.6,2312.8
"2013Q1",801.2,30.7,289.8,1121.7,74.2,3.7,71.4,831.9,76.0,12.8,43.2,132.0,67.3,14.4,57.6,88.7,40.6,4.7,20.0,65.3,69.4,10.3,62.3,45.3,128.6,6.1,49.3,184.0,73.2,4.5,69.9,134.7,7.7,1.2,3.5,12.4,71.8,13.1,62.4,8.9,22.0,"..",10.6,33.1,67.9,2.1,66.4,22.5,58.5,7.4,21.6,87.5,75.3,11.2,66.9,65.9,19.5,2.8,12.0,34.3,65.0,12.5,56.8,22.3,2.9,"..",1.0,4.0,74.2,4.2,71.1,3.0,1157.0,66.2,451.1,1674.3,73.1,5.4,69.1,1223.2,726.5,38.0,422.9,1187.4,64.4,5.0,61.2,764.5,70.7,12.0,64.4,147.1,56.3,14.5,48.1,82.8,33.0,7.6,41.7,82.2,49.3,18.7,40.1,40.5,113.7,9.4,81.0,204.1,60.3,7.6,55.7,123.2,4.6,"..",6.5,11.6,43.6,9.4,39.5,5.1,20.2,"..",11.6,32.2,64.0,1.9,62.8,20.6,53.7,6.8,33.3,93.8,64.5,11.2,57.3,60.5,18.2,2.9,12.6,33.7,62.5,13.6,54.0,21.1,1.6,"..","..",2.6,62.4,"..",62.4,1.6,1042.3,77.5,674.9,1794.8,62.4,6.9,58.1,1119.8,1527.7,68.6,712.7,2309.1,69.1,4.3,66.2,1596.4,146.7,24.8,107.6,279.1,61.5,14.5,52.6,171.5,73.6,12.2,61.7,147.5,58.2,14.3,49.9,85.8,242.3,15.5,130.2,388.1,66.4,6.0,62.4,257.8,12.3,1.6,10.0,24.0,58.1,11.8,51.3,13.9,42.2,"..",22.2,65.3,66.0,2.0,64.6,43.1,112.2,14.2,54.9,181.3,69.7,11.2,61.9,126.4,37.7,5.6,24.7,68.1,63.7,13.0,55.4,43.4,4.5,"..",2.0,6.7,69.5,2.7,67.6,4.6,2199.4,143.7,1126.0,3469.1,67.5,6.1,63.4,2343.0
"2013Q2",798.9,33.1,288.7,1120.6,74.2,4.0,71.3,832.0,74.3,11.0,45.1,130.4,65.5,12.9,57.0,85.4,36.3,4.0,20.0,60.2,66.8,9.9,60.2,40.3,131.9,5.5,51.2,188.5,72.9,4.0,69.9,137.3,9.5,1.0,5.6,16.1,65.3,9.9,58.9,10.5,21.9,"..",9.0,31.7,71.7,3.5,69.2,22.7,57.9,5.4,22.3,85.5,74.0,8.6,67.6,63.3,22.3,3.0,13.6,38.9,64.9,11.8,57.3,25.2,3.9,1.6,1.0,6.5,84.2,28.4,60.3,5.5,1156.8,65.3,456.4,1678.5,72.8,5.3,68.9,1222.1,723.3,31.9,434.4,1189.6,63.5,4.2,60.8,755.2,69.4,11.8,64.1,145.3,55.9,14.5,47.8,81.2,30.0,7.1,38.3,75.4,49.2,19.2,39.7,37.1,118.6,8.5,84.4,211.5,60.1,6.7,56.1,127.1,6.0,"..",5.5,12.1,54.3,8.4,49.7,6.6,17.8,1.3,11.7,30.7,61.9,6.7,57.8,19.0,54.0,6.5,33.5,94.0,64.4,10.8,57.4,60.6,17.9,3.8,12.8,34.5,63.0,17.7,51.8,21.8,3.9,"..",1.5,5.5,72.8,3.3,70.4,4.0,1040.8,71.7,686.1,1798.7,61.9,6.4,57.9,1112.6,1522.2,64.9,723.1,2310.3,68.7,4.1,65.9,1587.2,143.8,22.8,109.1,275.7,60.4,13.7,52.1,166.6,66.2,11.1,58.3,135.6,57.0,14.3,48.8,77.3,250.4,14.0,135.5,400.0,66.1,5.3,62.6,264.5,15.5,1.6,11.1,28.2,60.6,9.3,54.9,17.1,39.7,2.1,20.7,62.5,66.9,4.9,63.6,41.8,111.9,12.0,55.8,179.6,69.0,9.7,62.3,123.8,40.2,6.8,26.4,73.4,64.0,14.5,54.7,47.0,7.8,1.7,2.5,12.0,79.0,17.8,64.9,9.5,2197.7,137.0,1142.5,3477.2,67.1,5.9,63.2,2334.7
"2013Q3",797.1,33.2,290.5,1120.9,74.1,4.0,71.1,830.3,81.1,10.2,41.3,132.6,68.9,11.2,61.2,91.3,41.9,4.4,18.6,64.9,71.3,9.5,64.5,46.3,132.3,7.1,48.2,187.6,74.3,5.1,70.5,139.3,8.7,"..",5.1,14.5,65.0,7.8,59.9,9.4,22.5,1.4,9.3,33.3,71.9,5.9,67.7,23.9,59.4,6.5,22.3,88.2,74.7,9.9,67.3,65.9,23.3,2.8,10.7,36.8,70.9,10.6,63.4,26.1,3.2,"..",2.2,6.0,63.6,16.0,53.4,3.8,1169.4,67.0,448.3,1684.7,73.4,5.4,69.4,1236.4,732.7,29.0,426.4,1188.1,64.1,3.8,61.7,761.7,70.7,11.4,64.6,146.7,56.0,13.8,48.2,82.1,36.2,8.4,33.7,78.3,57.0,18.8,46.2,44.6,112.3,8.2,91.5,211.9,56.9,6.8,53.0,120.5,5.5,"..",7.7,13.9,44.8,11.2,39.8,6.2,20.9,"..",11.9,33.6,64.7,3.9,62.2,21.7,58.2,6.4,30.8,95.4,67.7,9.9,61.0,64.6,16.9,3.5,12.0,32.4,63.1,17.2,52.2,20.4,1.7,"..","..",3.2,71.2,23.4,54.5,2.3,1055.2,68.9,679.4,1803.5,62.3,6.1,58.5,1124.1,1529.8,62.2,716.9,2308.9,68.9,3.9,66.3,1592.0,151.8,21.6,105.9,279.3,62.1,12.5,54.4,173.4,78.1,12.8,52.3,143.2,63.5,14.1,54.5,90.9,244.5,15.3,139.7,399.5,65.0,5.9,61.2,259.8,14.2,1.4,12.7,28.4,55.1,9.1,50.1,15.7,43.4,2.2,21.2,66.9,68.3,4.9,64.9,45.7,117.6,12.9,53.2,183.6,71.0,9.9,64.0,130.5,40.3,6.3,22.7,69.2,67.3,13.5,58.2,46.6,4.9,1.1,3.1,9.2,66.2,18.7,53.8,6.1,2224.6,136.0,1127.7,3488.2,67.7,5.8,63.8,2360.6
"2013Q4",817.0,29.7,279.2,1125.9,75.2,3.5,72.6,846.7,81.8,12.4,38.8,133.0,70.8,13.1,61.5,94.2,44.0,5.4,20.0,69.4,71.1,11.0,63.3,49.4,136.1,5.3,48.7,190.2,74.4,3.8,71.6,141.4,9.7,1.3,4.0,15.0,73.5,11.5,65.1,11.0,23.5,1.2,9.7,34.4,71.8,4.7,68.4,24.7,62.5,6.1,20.9,89.6,76.6,9.0,69.8,68.6,21.4,2.4,9.9,33.6,70.7,10.2,63.5,23.8,2.5,"..","..",3.5,74.9,4.8,71.3,2.6,1198.5,63.9,432.2,1694.5,74.5,5.1,70.7,1262.4,742.6,32.9,415.8,1191.3,65.1,4.2,62.3,775.5,71.4,14.2,60.1,145.7,58.7,16.6,49.0,85.6,38.3,7.3,34.2,79.8,57.1,16.1,47.9,45.6,115.9,8.0,87.4,211.2,58.6,6.4,54.9,123.9,6.4,"..",7.3,14.3,48.6,8.0,44.7,6.9,19.5,"..",13.4,33.4,59.8,2.6,58.3,20.0,59.2,5.9,32.3,97.4,66.8,9.0,60.8,65.1,18.1,1.8,13.5,33.5,59.6,9.1,54.1,19.9,2.8,"..",1.1,4.0,72.2,2.0,70.7,2.9,1074.2,71.2,665.3,1810.7,63.3,6.2,59.3,1145.4,1559.5,62.6,695.0,2317.2,70.0,3.9,67.3,1622.2,153.2,26.5,99.0,278.7,64.5,14.8,55.0,179.8,82.3,12.7,54.3,149.3,63.6,13.4,55.1,95.0,252.0,13.3,136.1,401.4,66.1,5.0,62.8,265.3,16.1,1.8,11.3,29.2,61.3,10.1,55.1,17.9,43.0,1.7,23.1,67.8,65.9,3.8,63.4,44.7,121.7,12.0,53.3,187.0,71.5,9.0,65.1,133.7,39.5,4.2,23.4,67.1,65.1,9.7,58.8,43.7,5.3,"..",2.0,7.5,73.4,3.3,71.0,5.5,2272.6,135.1,1097.5,3505.2,68.7,5.6,64.8,2407.7
"2014Q1",828.2,29.9,280.0,1138.1,75.4,3.5,72.8,858.2,81.3,12.5,38.2,132.0,71.1,13.3,61.6,93.8,41.6,5.9,21.2,68.7,69.1,12.4,60.5,47.5,132.2,7.1,43.3,182.6,76.3,5.1,72.4,139.3,9.9,1.0,3.4,14.3,76.2,9.3,69.1,10.9,26.9,1.1,10.6,38.6,72.5,3.9,69.7,28.0,62.8,8.0,20.9,91.7,77.2,11.3,68.5,70.8,22.1,1.7,12.0,35.8,66.5,7.2,61.7,23.8,3.1,"..","..",4.2,80.8,9.4,73.2,3.4,1208.1,67.5,430.4,1706.0,74.8,5.3,70.8,1275.6,742.1,35.8,417.8,1195.7,65.1,4.6,62.1,778.0,73.9,13.0,62.7,149.6,58.1,14.9,49.4,86.9,37.2,6.4,38.4,82.0,53.2,14.7,45.4,43.6,119.7,9.6,79.7,209.0,61.9,7.4,57.3,129.3,6.4,"..",6.8,14.1,51.8,12.5,45.3,7.3,22.0,"..",14.3,36.8,61.1,2.2,59.8,22.5,56.7,6.5,32.6,95.9,66.0,10.3,59.1,63.3,19.7,2.7,10.4,32.8,68.3,12.0,60.1,22.4,1.7,"..",1.3,3.2,59.3,10.5,53.1,1.9,1079.4,75.6,664.0,1819.0,63.5,6.5,59.3,1155.0,1570.4,65.7,697.7,2333.8,70.1,4.0,67.3,1636.1,155.3,25.4,100.9,281.6,64.2,14.1,55.1,180.7,78.8,12.3,59.6,150.7,60.4,13.5,52.3,91.1,251.8,16.7,123.0,391.6,68.6,6.2,64.3,268.6,16.2,1.9,10.2,28.3,64.1,10.6,57.3,18.2,48.9,1.6,24.9,75.3,67.0,3.1,64.9,50.4,119.6,14.5,53.6,187.7,71.5,10.8,63.7,134.1,41.8,4.4,22.4,68.6,67.4,9.5,61.0,46.2,4.8,"..",2.1,7.4,71.5,9.8,64.5,5.3,2287.6,143.1,1094.4,3525.0,69.0,5.9,64.9,2430.7
"2014Q2",820.8,26.0,285.0,1131.9,74.8,3.1,72.5,846.8,80.1,8.8,39.9,128.7,69.0,9.9,62.2,88.9,45.8,3.9,20.6,70.3,70.7,7.8,65.2,49.7,139.5,6.9,47.7,194.1,75.4,4.7,71.9,146.4,10.2,"..",8.1,19.2,57.8,8.0,53.1,11.1,24.5,1.5,11.7,37.7,68.9,5.8,65.0,26.0,68.8,5.6,22.5,96.9,76.8,7.6,71.0,74.4,20.9,3.1,10.4,34.4,69.9,13.0,60.8,24.1,2.8,"..","..",3.6,80.0,2.2,78.3,2.9,1213.4,56.8,446.6,1716.8,74.0,4.5,70.7,1270.2,740.1,27.7,425.9,1193.7,64.3,3.6,62.0,767.8,70.6,12.4,63.4,146.5,56.7,15.0,48.2,83.1,38.5,6.3,36.5,81.3,55.1,14.0,47.4,44.8,116.5,10.5,86.0,213.1,59.6,8.3,54.7,127.1,6.3,1.5,9.4,17.2,45.4,18.9,36.8,7.8,19.8,"..",15.9,36.7,56.8,4.8,54.0,20.8,56.9,5.6,37.0,99.5,62.8,8.9,57.2,62.5,18.5,1.9,13.0,33.4,61.0,9.2,55.4,20.4,3.0,"..",1.7,5.0,66.3,8.7,60.6,3.3,1070.4,67.1,688.7,1826.2,62.3,5.9,58.6,1137.5,1560.9,53.7,710.9,2325.5,69.4,3.3,67.1,1614.6,150.7,21.2,103.3,275.2,62.5,12.3,54.8,171.9,84.4,10.1,57.1,151.6,62.3,10.7,55.6,94.5,256.0,17.5,133.7,407.2,67.2,6.4,62.9,273.5,16.5,2.4,17.5,36.4,52.0,12.5,45.4,18.9,44.3,2.5,27.6,74.4,62.9,5.3,59.6,46.8,125.7,11.2,59.5,196.4,69.7,8.2,64.0,136.9,39.4,5.0,23.4,67.8,65.5,11.3,58.2,44.4,5.8,"..",2.4,8.6,72.0,5.7,67.9,6.2,2283.8,123.9,1135.3,3543.0,68.0,5.1,64.5,2407.8
"2014Q3",822.1,24.8,287.4,1134.3,74.7,2.9,72.5,846.9,75.5,10.8,41.7,127.9,67.4,12.5,59.0,86.2,46.4,4.1,23.0,73.4,68.7,8.0,63.2,50.4,141.2,7.8,48.8,197.8,75.3,5.2,71.4,149.0,10.1,1.1,8.4,19.6,57.3,9.9,51.6,11.2,25.6,"..",10.4,36.8,71.8,3.3,69.5,26.5,67.2,5.4,25.4,98.1,74.1,7.5,68.5,72.7,21.3,2.7,11.3,35.3,68.0,11.2,60.4,24.0,3.2,"..",1.4,4.8,71.2,5.2,67.5,3.4,1212.6,57.7,457.7,1728.0,73.5,4.5,70.2,1270.4,744.6,29.9,421.0,1195.4,64.8,3.9,62.3,774.5,70.9,13.2,59.4,143.6,58.6,15.7,49.4,84.2,37.8,6.3,37.1,81.2,54.3,14.3,46.5,44.1,122.4,8.2,86.1,216.6,60.3,6.2,56.5,130.5,6.0,1.3,9.3,16.6,44.1,18.0,36.1,7.3,22.5,"..",14.4,37.8,61.8,3.8,59.5,23.4,63.1,6.5,33.2,102.8,67.7,9.3,61.4,69.6,18.3,2.5,14.8,35.6,58.5,12.1,51.4,20.8,2.3,"..",1.5,4.0,63.4,8.4,58.1,2.5,1087.9,69.0,676.8,1833.7,63.1,6.0,59.3,1156.9,1566.7,54.7,708.3,2329.7,69.6,3.4,67.2,1621.4,146.4,24.0,101.1,271.6,62.8,14.1,53.9,170.4,84.1,10.4,60.1,154.6,61.1,11.0,54.4,94.5,263.6,16.0,134.9,414.4,67.5,5.7,63.6,279.5,16.1,2.4,17.6,36.1,51.3,13.1,44.5,18.5,48.1,1.8,24.8,74.6,66.8,3.6,64.4,49.8,130.3,11.9,58.6,200.8,70.8,8.4,64.9,142.2,39.6,5.2,26.1,71.0,63.2,11.6,55.9,44.9,5.6,"..",2.8,8.8,67.6,6.6,63.2,5.9,2300.5,126.8,1134.4,3561.7,68.1,5.2,64.6,2427.3
"2014Q4",848.7,31.1,271.2,1151.0,76.4,3.5,73.7,879.8,80.7,11.4,40.0,132.2,69.7,12.4,61.1,92.1,46.2,4.6,21.1,71.9,70.6,9.0,64.2,50.8,139.9,6.0,48.1,194.0,75.2,4.1,72.1,145.9,10.1,1.4,7.7,19.2,60.0,11.9,52.9,11.5,23.8,"..",10.2,34.9,70.7,3.5,68.2,24.7,66.0,4.9,24.6,95.5,74.2,6.9,69.1,70.8,23.1,3.2,10.5,36.8,71.5,12.1,62.8,26.3,4.0,"..",1.3,5.7,76.6,10.0,68.9,4.4,1242.5,63.9,434.8,1741.2,75.0,4.9,71.4,1306.3,766.4,33.4,411.4,1211.2,66.0,4.2,63.3,799.8,76.1,14.2,53.4,143.7,62.9,15.7,53.0,90.3,37.9,5.6,34.1,77.6,56.0,13.0,48.8,43.5,123.6,7.1,79.7,210.3,62.1,5.4,58.8,130.6,8.0,1.6,7.3,16.9,56.5,16.5,47.2,9.5,21.7,1.1,14.2,37.0,61.6,4.9,58.5,22.8,61.1,7.2,34.0,102.3,66.8,10.6,59.7,68.3,22.4,2.1,15.7,40.1,61.0,8.5,55.8,24.5,2.1,"..",1.7,4.0,56.6,8.5,51.8,2.3,1119.1,72.5,651.5,1843.2,64.7,6.1,60.7,1191.6,1615.1,64.5,682.6,2362.2,71.1,3.8,68.4,1679.6,156.8,25.6,93.4,275.8,66.1,14.0,56.9,182.4,84.0,10.2,55.3,149.6,63.0,10.9,56.2,94.3,263.5,13.1,127.8,404.3,68.4,4.7,65.2,276.5,18.1,2.9,15.0,36.1,58.3,14.0,50.2,21.0,45.5,2.0,24.4,71.9,66.0,4.2,63.2,47.5,127.0,12.1,58.6,197.8,70.4,8.7,64.2,139.1,45.5,5.3,26.2,77.0,66.0,10.4,59.2,50.8,6.0,"..",3.1,9.7,68.4,9.5,61.9,6.7,2361.6,136.4,1086.4,3584.3,69.7,5.5,65.9,2498.0
"2015Q1",854.2,31.6,274.4,1160.2,76.3,3.6,73.6,885.8,75.6,11.7,40.4,127.6,68.4,13.4,59.2,87.2,49.4,6.1,21.9,77.4,71.7,11.0,63.8,55.5,146.9,10.0,39.4,196.3,79.9,6.4,74.8,156.9,10.2,"..",5.0,15.9,68.7,6.4,64.2,10.9,23.7,1.6,9.2,34.6,73.2,6.3,68.6,25.3,68.7,5.9,26.8,101.3,73.6,7.9,67.8,74.5,22.7,2.6,11.8,37.1,68.1,10.2,61.1,25.3,3.2,"..",1.3,4.6,70.7,"..",70.7,3.2,1254.6,70.1,430.3,1755.0,75.5,5.3,71.5,1324.7,765.5,32.2,412.7,1210.4,65.9,4.0,63.2,797.7,69.4,15.7,58.0,143.1,59.4,18.4,48.5,85.1,41.5,7.3,39.9,88.6,55.0,14.9,46.9,48.8,122.6,10.0,75.7,208.3,63.6,7.5,58.9,132.6,8.4,1.3,7.3,16.9,56.9,13.0,49.5,9.6,21.6,"..",15.0,37.2,59.7,3.0,57.9,22.2,62.7,5.8,35.5,103.9,65.9,8.4,60.3,68.5,22.5,2.1,16.0,40.7,60.6,8.7,55.3,24.7,1.8,"..",2.2,4.0,45.7,3.9,44.0,1.8,1116.0,75.0,662.3,1853.2,64.3,6.3,60.2,1190.9,1619.7,63.8,687.1,2370.6,71.0,3.8,68.3,1683.5,144.9,27.4,98.4,270.7,63.6,15.9,53.5,172.3,91.0,13.3,61.8,166.1,62.8,12.8,54.8,104.3,269.5,20.0,115.1,404.6,71.5,6.9,66.6,289.5,18.6,2.0,12.3,32.8,62.6,9.5,56.6,20.5,45.3,2.3,24.2,71.8,66.2,4.8,63.1,47.5,131.4,11.6,62.2,205.3,69.7,8.1,64.0,143.0,45.2,4.7,27.9,77.8,64.2,9.5,58.1,49.9,5.0,"..",3.5,8.6,59.1,1.4,58.3,5.1,2370.5,145.1,1092.6,3608.2,69.7,5.8,65.7,2515.7
"2015Q2",858.3,29.0,291.6,1179.0,75.3,3.3,72.8,887.4,75.3,11.4,39.1,125.9,68.9,13.2,59.9,86.7,46.0,3.7,23.1,72.8,68.3,7.5,63.2,49.7,142.7,8.4,40.7,191.9,78.8,5.6,74.4,151.2,9.9,"..",4.4,14.7,70.2,3.8,67.5,10.3,22.6,1.3,8.8,32.8,73.0,5.6,69.0,23.9,72.0,5.9,30.0,108.0,72.2,7.6,66.7,77.9,23.3,"..",11.7,35.7,67.4,3.3,65.2,24.1,3.6,"..",2.9,6.7,57.2,6.2,53.7,3.8,1253.8,61.3,452.3,1767.4,74.4,4.7,70.9,1315.1,769.6,30.9,433.4,1233.8,64.9,3.9,62.4,800.4,67.8,14.6,59.5,141.9,58.0,17.7,47.8,82.3,41.0,6.4,36.3,83.7,56.6,13.6,48.9,47.4,113.2,9.4,74.4,197.0,62.2,7.7,57.4,122.6,7.6,1.3,8.6,17.5,51.0,14.7,43.5,8.9,19.0,"..",15.5,35.3,55.9,3.6,53.9,19.7,64.0,7.3,36.1,107.4,66.4,10.3,59.6,71.3,21.5,2.8,15.8,40.1,60.6,11.7,53.5,24.3,2.2,"..",2.8,5.0,44.4,2.2,43.4,2.2,1105.8,73.5,682.4,1861.7,63.3,6.2,59.4,1179.3,1627.9,59.9,725.0,2412.8,70.0,3.5,67.5,1687.8,143.1,26.0,98.7,267.7,63.2,15.4,53.5,169.1,87.0,10.2,59.4,156.5,62.1,10.5,55.6,97.1,255.9,17.9,115.2,388.9,70.4,6.5,65.8,273.8,17.5,1.7,13.0,32.2,59.8,8.8,54.5,19.2,41.6,2.0,24.4,68.0,64.2,4.7,61.2,43.7,136.0,13.2,66.1,215.3,69.3,8.9,63.2,149.2,44.8,3.6,27.5,75.9,63.8,7.5,59.0,48.4,5.8,"..",5.6,11.7,51.8,4.8,49.3,6.0,2359.6,134.8,1134.7,3629.1,68.7,5.4,65.0,2494.4
"2015Q3",845.8,30.8,302.8,1179.4,74.3,3.5,71.7,876.6,78.9,11.1,44.8,134.7,66.8,12.3,58.6,90.0,47.1,5.6,28.2,81.0,65.2,10.7,58.2,52.8,146.2,8.6,45.9,200.7,77.1,5.5,72.8,154.7,9.6,1.1,3.9,14.7,73.3,10.4,65.7,10.8,20.0,"..",7.1,27.3,74.1,1.1,73.2,20.2,65.7,6.7,27.4,99.7,72.5,9.2,65.9,72.3,23.1,3.2,9.7,35.9,73.1,12.1,64.3,26.3,3.6,"..",1.7,6.1,72.8,18.6,59.3,4.5,1240.0,68.1,471.4,1779.5,73.5,5.2,69.7,1308.1,755.9,29.8,446.0,1231.7,63.8,3.8,61.4,785.7,73.3,13.4,58.1,144.7,59.9,15.4,50.6,86.6,40.7,5.9,41.6,88.2,52.8,12.6,46.1,46.5,118.5,8.3,78.4,205.1,61.8,6.6,57.7,126.8,9.3,"..",7.9,17.8,55.7,6.0,52.3,9.9,17.3,"..",13.1,31.3,58.0,4.5,55.4,18.1,62.6,6.6,35.5,104.7,66.1,9.5,59.8,69.2,23.2,3.4,16.2,42.7,62.1,12.7,54.2,26.5,1.6,"..",1.9,4.1,53.3,26.3,39.3,2.2,1102.4,69.2,698.7,1870.4,62.6,5.9,58.9,1171.6,1601.7,60.5,748.9,2411.1,68.9,3.6,66.4,1662.2,152.2,24.4,102.8,279.4,63.2,13.8,54.5,176.6,87.8,11.5,69.8,169.2,58.7,11.6,51.9,99.3,264.6,16.9,124.3,405.8,69.4,6.0,65.2,281.5,19.0,1.7,11.8,32.5,63.7,8.3,58.4,20.7,37.3,1.0,20.2,58.5,65.5,2.7,63.7,38.3,128.3,13.2,62.8,204.4,69.2,9.4,62.8,141.5,46.3,6.5,25.9,78.7,67.1,12.4,58.8,52.8,5.3,1.4,3.6,10.3,65.0,21.1,51.2,6.7,2342.4,137.3,1170.2,3649.8,67.9,5.5,64.2,2479.7
"2015Q4",862.3,31.3,296.2,1189.8,75.1,3.5,72.5,893.6,81.7,9.5,45.6,136.8,66.7,10.4,59.7,91.3,49.7,4.7,23.1,77.6,70.2,8.7,64.1,54.4,149.9,9.1,45.1,204.1,77.9,5.7,73.4,159.0,10.2,1.6,4.4,16.2,72.8,13.3,63.1,11.8,17.9,"..",6.5,24.5,73.4,0.6,73.0,18.0,67.8,4.7,26.6,99.1,73.2,6.5,68.4,72.6,25.7,1.6,11.3,38.5,70.8,5.8,66.7,27.3,5.4,"..",1.2,6.8,82.8,3.5,79.9,5.6,1270.7,62.8,460.0,1793.6,74.4,4.7,70.8,1333.6,775.5,26.5,440.6,1242.7,64.5,3.3,62.4,802.0,70.3,12.5,66.0,148.8,55.6,15.1,47.3,82.8,42.0,5.8,35.6,83.3,57.3,12.1,50.4,47.8,122.7,7.4,77.2,207.4,62.8,5.7,59.2,130.1,10.0,"..",7.8,18.3,57.5,4.8,54.8,10.5,17.0,"..",11.9,29.3,59.5,2.4,58.0,17.4,63.6,6.3,32.3,102.2,68.4,9.0,62.3,69.9,26.0,2.1,15.7,43.8,64.2,7.4,59.4,28.1,3.8,"..",1.5,5.6,73.5,7.9,67.7,4.1,1131.1,61.8,688.6,1881.5,63.4,5.2,60.1,1192.9,1637.8,57.8,736.8,2432.4,69.7,3.4,67.3,1695.6,152.1,22.0,111.6,285.7,60.9,12.6,53.2,174.1,91.7,10.5,58.7,160.9,63.5,10.3,57.0,102.2,272.6,16.5,122.4,411.5,70.3,5.7,66.3,289.1,20.2,2.1,12.2,34.5,64.7,9.3,58.7,22.3,34.9,"..",18.4,53.8,65.8,1.5,64.8,35.4,131.5,11.0,58.9,201.4,70.8,7.7,65.3,142.5,51.7,3.7,27.0,82.4,67.3,6.6,62.8,55.4,9.2,"..",2.7,12.4,78.6,5.4,74.4,9.8,2401.8,124.6,1148.6,3675.0,68.7,4.9,65.4,2526.4
"2016Q1",870.7,29.8,296.4,1196.9,75.2,3.3,72.7,900.5,84.4,13.4,44.3,142.1,68.8,13.7,59.4,97.8,48.9,4.5,22.8,76.2,70.1,8.5,64.2,53.5,155.8,11.7,45.0,212.5,78.8,7.0,73.3,167.5,10.6,"..",3.9,15.4,74.5,7.6,68.8,11.4,15.7,"..",6.0,21.9,72.8,1.4,71.8,15.9,66.5,5.8,22.5,94.8,76.3,8.1,70.1,72.3,28.0,2.9,11.7,42.7,72.5,9.4,65.7,31.0,3.3,"..",2.0,5.5,64.8,9.3,58.8,3.6,1283.8,69.6,454.6,1808.0,74.9,5.1,71.0,1353.4,785.5,31.5,433.5,1250.5,65.3,3.9,62.8,816.9,73.3,14.5,62.0,149.9,58.6,16.5,48.9,87.8,41.4,5.4,37.8,84.6,55.3,11.4,49.0,46.8,121.8,8.9,79.4,210.1,62.2,6.8,57.9,130.7,9.9,1.6,7.6,19.1,60.2,13.9,51.9,11.5,15.2,"..",9.9,26.0,61.8,5.4,58.5,16.1,64.2,6.3,29.6,100.1,70.4,8.9,64.1,70.5,25.7,3.2,18.2,47.2,61.4,11.2,54.6,29.0,3.1,"..",2.5,6.1,59.0,13.5,51.0,3.6,1140.1,72.7,680.6,1893.5,64.1,6.0,60.2,1212.9,1656.1,61.3,729.9,2447.3,70.2,3.6,67.7,1717.4,157.7,27.9,106.4,292.0,63.6,15.0,54.0,185.6,90.4,9.9,60.5,160.8,62.4,9.9,56.2,100.2,277.5,20.7,124.4,422.6,70.6,6.9,65.7,298.2,20.5,2.5,11.5,34.5,66.6,10.8,59.4,23.0,30.9,1.1,15.9,47.9,66.8,3.4,64.6,32.0,130.7,12.1,52.1,194.9,73.3,8.5,67.0,142.8,53.8,6.2,29.9,89.9,66.7,10.3,59.8,59.9,6.3,"..",4.4,11.6,61.8,11.4,54.7,7.2,2424.0,142.4,1135.1,3701.4,69.3,5.5,65.5,2566.3
"2016Q2",894.8,26.9,301.4,1223.0,75.4,2.9,73.2,921.7,84.1,10.7,39.2,134.0,70.8,11.3,62.7,94.8,50.7,4.6,22.0,77.4,71.5,8.3,65.6,55.3,158.9,9.0,46.4,214.3,78.4,5.3,74.2,167.9,11.0,1.2,4.2,16.4,74.2,9.8,67.0,12.2,10.6,"..",5.1,16.5,69.1,7.1,64.2,11.4,74.8,7.0,25.4,107.1,76.3,8.5,69.8,81.7,26.9,2.4,10.3,39.6,74.0,8.3,67.9,29.3,"..","..","..","..","..","..","..","..",1311.7,62.6,453.9,1828.2,75.2,4.6,71.7,1374.2,798.2,31.1,442.9,1272.2,65.2,3.8,62.7,829.4,79.7,12.8,60.5,153.0,60.5,13.9,52.1,92.5,45.3,5.6,37.8,88.7,57.4,11.0,51.1,50.9,125.5,6.4,79.7,211.6,62.3,4.9,59.3,131.9,11.2,1.1,6.6,18.8,65.0,8.7,59.3,12.2,9.5,"..",5.3,15.2,64.9,3.5,62.6,9.9,64.7,6.7,31.4,102.8,69.5,9.3,63.0,71.4,25.9,2.1,14.4,42.4,66.1,7.6,61.1,28.0,"..","..","..","..","..","..","..","..",1160.0,66.1,678.5,1904.7,64.4,5.4,60.9,1226.2,1693.0,58.0,744.2,2495.3,70.2,3.3,67.8,1751.0,163.7,23.6,99.6,287.0,65.3,12.6,57.1,187.3,96.0,10.2,59.8,166.0,64.0,9.6,57.8,106.2,284.4,15.4,126.1,425.9,70.4,5.1,66.8,299.8,22.1,2.3,10.8,35.2,69.3,9.3,62.9,24.4,20.1,1.1,10.4,31.7,67.1,5.4,63.4,21.3,139.5,13.6,56.8,209.9,72.9,8.9,66.5,153.1,52.7,4.5,24.6,81.9,69.9,7.9,64.4,57.3,"..","..","..","..","..","..","..","..",2471.7,128.7,1132.5,3732.9,69.7,4.9,66.2,2600.4
"2016Q3",895.4,30.5,295.2,1221.1,75.8,3.3,73.3,925.9,86.6,9.2,43.8,139.6,68.6,9.6,62.0,95.8,52.6,5.7,20.2,78.4,74.3,9.7,67.1,58.2,166.1,9.8,46.6,222.5,79.0,5.6,74.6,175.9,14.7,"..",3.8,19.3,80.2,5.3,76.0,15.5,10.1,"..",5.3,15.9,66.8,5.2,63.3,10.6,73.7,5.7,25.1,104.4,76.0,7.1,70.6,79.4,24.8,3.0,10.2,38.0,73.1,10.8,65.2,27.8,"..","..","..","..","..","..","..","..",1323.9,65.2,450.2,1839.3,75.5,4.7,72.0,1389.1,804.3,24.4,444.2,1272.9,65.1,2.9,63.2,828.8,77.9,14.8,61.0,153.6,60.3,15.9,50.7,92.7,46.9,5.5,37.7,90.1,58.2,10.5,52.1,52.4,130.6,8.7,84.1,223.4,62.4,6.2,58.5,139.3,9.8,"..",6.0,16.5,63.8,6.9,59.4,10.5,8.1,"..",5.1,13.6,62.8,5.6,59.3,8.6,63.7,5.8,33.4,102.8,67.5,8.3,61.9,69.4,24.8,2.1,13.7,40.5,66.3,7.7,61.2,26.9,"..","..","..","..","..","..","..","..",1166.2,62.4,685.0,1913.6,64.2,5.1,60.9,1228.6,1699.7,55.0,739.4,2494.1,70.4,3.1,68.1,1754.7,164.5,23.9,104.8,293.2,64.3,12.7,56.1,188.4,99.5,11.2,57.9,168.5,65.7,10.1,59.1,110.7,296.7,18.5,130.7,446.0,70.7,5.9,66.5,315.2,24.5,1.6,9.8,35.9,72.6,6.0,68.3,26.0,18.2,1.0,10.4,29.6,64.9,5.4,61.4,19.2,137.4,11.4,58.4,207.2,71.8,7.7,66.3,148.8,49.6,5.1,23.9,78.5,69.6,9.3,63.1,54.6,"..","..","..","..","..","..","..","..",2490.1,127.6,1135.3,3752.9,69.8,4.9,66.4,2617.7
"2016Q4",905.4,30.5,289.2,1225.1,76.4,3.3,73.9,935.9,89.0,11.6,39.7,140.3,71.7,11.6,63.4,100.7,52.5,4.3,20.1,76.9,73.9,7.6,68.3,56.8,169.7,8.7,42.0,220.4,80.9,4.9,77.0,178.4,15.2,1.1,4.3,20.6,79.1,6.7,73.8,16.3,15.2,1.6,5.8,22.6,74.4,9.5,67.4,16.8,72.8,7.4,25.1,105.3,76.1,9.2,69.1,80.2,29.1,3.7,8.0,40.7,80.4,11.2,71.4,32.8,"..","..","..","..","..","..","..","..",1348.9,68.9,434.2,1851.9,76.6,4.9,72.8,1417.8,810.6,30.4,428.8,1269.9,66.2,3.6,63.8,841.0,82.1,12.9,57.8,152.8,62.2,13.6,53.7,95.1,48.5,6.3,35.0,89.8,61.0,11.4,54.0,54.8,136.7,8.4,76.9,222.0,65.4,5.8,61.6,145.1,9.8,1.9,8.2,19.9,58.6,16.2,49.1,11.6,12.2,"..",8.6,21.1,59.3,2.8,57.6,12.5,66.0,8.7,30.1,104.8,71.3,11.6,63.0,74.7,30.2,2.4,11.6,44.2,73.7,7.3,68.3,32.6,"..","..","..","..","..","..","..","..",1196.0,71.3,657.1,1924.4,65.9,5.6,62.1,1267.3,1716.1,60.9,718.0,2495.0,71.2,3.4,68.8,1776.9,171.1,24.6,97.4,293.2,66.8,12.6,58.4,195.7,101.0,10.6,55.1,166.7,66.9,9.5,60.6,111.6,306.3,17.1,119.0,442.4,73.1,5.3,69.2,323.5,24.9,3.0,12.5,40.4,69.0,10.6,61.7,27.9,27.4,1.9,14.4,43.7,67.1,6.6,62.7,29.3,138.8,16.1,55.2,210.0,73.7,10.4,66.1,154.8,59.3,6.0,19.6,84.9,76.9,9.2,69.8,65.3,"..","..","..","..","..","..","..","..",2544.9,140.2,1091.3,3776.4,71.1,5.2,67.4,2685.1
"2017Q1",908.4,29.6,283.1,1221.1,76.8,3.2,74.4,938.0,94.4,9.9,37.9,142.2,73.3,9.5,66.4,104.3,53.1,5.2,20.5,78.9,74.0,8.9,67.4,58.4,175.1,8.0,46.5,229.6,79.7,4.4,76.3,183.1,14.4,"..",4.5,19.7,77.1,5.1,73.2,15.2,17.0,1.3,6.2,24.5,74.6,7.1,69.3,18.3,77.1,6.7,22.6,106.4,78.8,8.0,72.5,83.9,30.4,2.2,9.9,42.5,76.8,6.8,71.5,32.6,"..","..","..","..","..","..","..","..",1370.0,63.7,431.2,1865.0,76.9,4.4,73.5,1433.7,806.4,33.2,428.2,1267.8,66.2,4.0,63.6,839.6,81.9,15.4,52.9,150.3,64.8,15.8,54.5,97.4,45.5,7.0,34.7,87.2,60.2,13.3,52.2,52.6,143.8,10.7,80.2,234.8,65.8,6.9,61.3,154.5,10.2,1.3,7.3,18.8,61.1,11.0,54.4,11.5,12.3,"..",9.6,22.5,57.4,4.8,54.7,12.9,68.4,4.9,32.0,105.4,69.6,6.7,64.9,73.4,27.9,4.0,16.9,48.8,65.3,12.5,57.1,31.8,"..","..","..","..","..","..","..","..",1196.5,77.2,661.9,1935.6,65.8,6.1,61.8,1273.7,1714.8,62.8,711.3,2488.9,71.4,3.5,68.9,1777.6,176.3,25.3,90.8,292.5,68.9,12.6,60.3,201.6,98.7,12.2,55.2,166.1,66.8,11.0,59.4,110.9,318.9,18.7,126.7,464.4,72.7,5.5,68.7,337.6,24.6,2.0,11.8,38.5,69.3,7.6,64.0,26.7,29.3,1.9,15.8,47.1,66.4,6.1,62.3,31.2,145.6,11.7,54.6,211.9,74.2,7.4,68.7,157.2,58.3,6.2,26.8,91.3,70.6,9.6,63.8,64.5,"..","..","..","..","..","..","..","..",2566.4,140.9,1093.1,3800.5,71.2,5.2,67.5,2707.4
"2017Q2",901.0,26.8,296.0,1223.8,75.8,2.9,73.6,927.8,90.5,13.7,37.7,141.9,73.4,13.2,63.8,104.2,56.2,5.6,23.0,84.9,72.9,9.1,66.3,61.8,176.5,7.8,42.5,226.8,81.3,4.2,77.8,184.3,14.4,1.3,3.8,19.5,80.7,8.6,73.8,15.7,19.9,1.1,8.7,29.7,70.6,5.3,66.9,21.0,73.7,6.6,27.6,108.0,74.4,8.3,68.2,80.3,27.3,2.5,11.5,41.4,72.2,8.5,66.1,29.9,"..","..","..","..","..","..","..","..",1359.5,65.6,450.8,1875.8,76.0,4.6,72.5,1425.1,804.0,24.7,439.5,1268.2,65.3,3.0,63.4,828.7,77.2,11.3,56.1,144.6,61.2,12.7,53.4,88.5,46.3,5.3,39.7,91.3,56.5,10.2,50.7,51.6,142.7,7.6,83.8,234.0,64.2,5.0,61.0,150.3,9.9,1.1,7.5,18.5,59.3,9.9,53.4,10.9,14.0,"..",11.4,26.3,56.7,6.1,53.2,14.9,66.2,5.9,39.5,111.5,64.6,8.1,59.3,72.0,28.9,3.7,17.2,49.9,65.4,11.5,57.9,32.6,"..","..","..","..","..","..","..","..",1189.1,60.3,694.8,1944.2,64.3,4.8,61.2,1249.4,1705.0,51.5,735.5,2492.0,70.5,2.9,68.4,1756.5,167.7,25.0,93.8,286.5,67.3,13.0,58.5,192.7,102.5,10.8,62.7,176.1,64.4,9.6,58.2,113.4,319.2,15.4,126.2,460.8,72.6,4.6,69.3,334.6,24.2,2.4,11.3,38.0,70.3,9.1,63.9,26.7,33.8,2.0,20.1,56.0,64.1,5.6,60.4,35.8,139.8,12.5,67.1,219.5,69.4,8.2,63.7,152.3,56.2,6.3,28.7,91.2,68.5,10.0,61.6,62.5,"..","..","..","..","..","..","..","..",2548.6,125.9,1145.6,3820.0,70.0,4.7,66.7,2674.5
"2017Q3",892.3,25.8,290.8,1208.9,75.9,2.8,73.8,918.1,99.2,10.3,35.8,145.3,75.3,9.4,68.3,109.4,60.6,5.3,24.7,90.6,72.7,8.0,66.9,65.8,181.3,8.2,45.5,235.0,80.6,4.3,77.1,189.5,17.3,1.3,5.3,23.9,77.8,7.0,72.4,18.6,22.0,1.0,9.8,32.7,70.2,4.4,67.1,23.0,77.1,4.3,24.1,105.5,77.2,5.3,73.1,81.4,28.7,2.5,12.2,43.3,71.9,7.9,66.3,31.2,"..","..","..","..","..","..","..","..",1378.5,58.6,448.2,1885.3,76.2,4.1,73.1,1437.1,812.5,28.1,419.9,1260.5,66.7,3.3,64.5,840.6,83.1,13.6,54.3,151.0,64.1,14.0,55.1,96.7,49.5,4.8,42.4,96.8,56.2,8.9,51.2,54.3,145.2,7.6,85.5,238.3,64.1,5.0,60.9,152.8,11.6,1.3,6.8,19.7,65.3,9.8,58.9,12.9,15.4,"..",12.4,28.5,56.4,4.3,54.0,16.1,69.0,6.0,35.2,110.2,68.1,8.0,62.6,75.0,28.8,4.3,13.7,46.8,70.7,13.1,61.4,33.1,"..","..","..","..","..","..","..","..",1215.1,66.4,670.1,1951.6,65.7,5.2,62.3,1281.5,1704.8,53.9,710.7,2469.4,71.2,3.1,69.0,1758.7,182.3,23.8,90.1,296.3,69.6,11.6,61.5,206.2,110.1,10.1,67.2,187.3,64.2,8.4,58.8,120.2,326.5,15.8,131.0,473.3,72.3,4.6,69.0,342.3,28.9,2.6,12.1,43.6,72.2,8.1,66.3,31.5,37.4,1.7,22.1,61.2,63.8,4.3,61.0,39.1,146.1,10.3,59.3,215.7,72.5,6.6,67.7,156.4,57.5,6.8,25.9,90.2,71.3,10.6,63.8,64.3,"..","..","..","..","..","..","..","..",2593.6,125.0,1118.3,3836.9,70.9,4.6,67.6,2718.6
"2017Q4",911.6,29.4,285.0,1226.0,76.8,3.1,74.4,941.0,95.1,8.4,33.1,136.5,75.7,8.1,69.6,103.4,57.0,3.3,21.2,81.5,74.0,5.5,69.9,60.3,181.3,7.7,44.5,233.6,80.9,4.1,77.6,189.0,14.8,1.9,4.9,21.7,77.4,11.6,68.5,16.8,25.3,1.5,9.1,35.9,74.6,5.6,70.5,26.8,80.8,5.0,26.3,112.1,76.5,5.9,72.0,85.8,34.1,1.4,13.3,48.8,72.8,4.0,69.9,35.5,"..","..","..","..","..","..","..","..",1399.9,58.7,437.5,1896.1,76.9,4.0,73.8,1458.6,825.4,25.9,420.7,1271.9,66.9,3.0,64.9,851.2,83.1,12.2,51.7,147.0,64.8,12.8,56.5,95.2,49.2,5.9,35.4,90.5,60.9,10.8,54.3,55.1,150.3,7.9,80.9,239.1,66.2,5.0,62.8,158.2,10.7,1.4,6.9,19.0,63.7,11.3,56.5,12.1,17.2,1.1,13.3,31.6,58.0,6.1,54.4,18.3,73.6,7.2,34.5,115.3,70.1,9.0,63.8,80.9,27.7,2.4,16.2,46.3,65.0,7.9,59.9,30.1,"..","..","..","..","..","..","..","..",1237.1,64.0,659.6,1960.7,66.4,4.9,63.1,1301.1,1736.9,55.2,705.7,2497.9,71.7,3.1,69.5,1792.2,178.1,20.5,84.9,283.5,70.1,10.3,62.8,198.7,106.2,9.3,56.6,172.1,67.1,8.0,61.7,115.4,331.6,15.7,125.5,472.7,73.5,4.5,70.1,347.2,25.5,3.3,11.8,40.6,71.0,11.5,62.9,28.8,42.5,2.6,22.4,67.5,66.8,5.8,63.0,45.1,154.4,12.3,60.8,227.4,73.3,7.4,67.9,166.6,61.8,3.8,29.5,95.1,69.0,5.8,65.0,65.6,"..","..","..","..","..","..","..","..",2637.0,122.7,1097.2,3856.9,71.6,4.4,68.4,2759.7
"2018Q1",910.4,28.9,284.1,1223.3,76.8,3.1,74.4,939.2,93.9,9.8,37.2,140.9,73.6,9.5,66.6,103.7,59.2,3.6,22.4,85.2,73.7,5.7,69.5,62.8,184.2,7.1,46.5,237.8,80.4,3.7,77.4,191.3,17.1,1.5,4.3,22.9,81.2,8.0,74.8,18.6,26.9,"..",11.3,39.1,71.1,3.0,68.9,27.8,78.8,5.8,26.4,111.0,76.2,6.9,71.0,84.6,34.1,2.5,11.4,48.0,76.3,6.8,71.1,36.6,"..","..","..","..","..","..","..","..",1404.5,60.0,443.6,1908.2,76.8,4.1,73.6,1464.6,820.1,30.1,416.5,1266.7,67.1,3.5,64.7,850.2,81.5,10.1,52.1,143.8,63.7,11.0,56.7,91.7,49.5,5.9,38.1,93.5,59.2,10.6,52.9,55.4,151.7,9.0,83.2,243.8,65.9,5.6,62.2,160.6,12.5,1.4,7.0,20.9,66.5,9.9,59.9,13.9,19.0,"..",12.7,32.7,61.1,4.8,58.2,20.0,73.2,8.2,37.9,119.3,68.2,10.0,61.4,81.4,29.9,3.0,16.6,49.6,66.5,9.2,60.4,33.0,"..","..","..","..","..","..","..","..",1237.5,68.6,664.3,1970.4,66.3,5.3,62.8,1306.1,1730.4,59.0,700.6,2490.0,71.9,3.3,69.5,1789.4,175.4,20.0,89.3,284.7,68.6,10.2,61.6,195.4,108.6,9.5,60.5,178.7,66.1,8.0,60.8,118.1,335.8,16.1,129.7,481.7,73.1,4.6,69.7,351.9,29.6,2.9,11.3,43.8,74.2,8.8,67.7,32.5,46.0,1.8,24.0,71.8,66.6,3.8,64.0,47.8,152.0,14.0,64.3,230.3,72.1,8.4,66.0,166.0,64.1,5.5,28.0,97.6,71.3,7.9,65.6,69.6,"..","..","..","..","..","..","..","..",2642.0,128.7,1107.9,3878.6,71.4,4.6,68.1,2770.7
"2018Q2",897.4,29.9,291.4,1218.6,76.1,3.2,73.6,927.2,95.4,9.8,34.1,139.3,75.5,9.3,68.5,105.2,57.0,4.7,25.3,87.0,70.9,7.6,65.6,61.7,189.7,7.0,53.2,249.9,78.7,3.6,75.9,196.7,15.0,1.3,4.0,20.3,80.3,7.9,73.9,16.3,27.6,"..",10.9,39.3,72.2,2.8,70.2,28.4,81.8,6.2,25.6,113.6,77.4,7.1,72.0,88.0,37.4,1.9,14.0,53.3,73.8,4.9,70.2,39.3,"..","..","..","..","..","..","..","..",1401.2,61.6,458.6,1921.4,76.1,4.2,72.9,1462.8,802.8,23.4,430.6,1256.8,65.7,2.8,63.9,826.3,83.7,10.6,54.2,148.4,63.5,11.2,56.4,94.2,51.9,6.8,40.3,99.0,59.3,11.6,52.4,58.7,164.8,7.5,88.5,260.8,66.1,4.4,63.2,172.4,11.6,"..",7.5,19.6,61.7,4.4,59.0,12.1,19.9,"..",11.5,32.2,64.2,3.8,61.7,20.6,75.3,8.4,31.9,115.6,72.4,10.0,65.1,83.7,31.0,2.8,16.6,50.4,67.1,8.4,61.5,33.8,"..","..","..","..","..","..","..","..",1240.9,61.0,681.0,1982.9,65.7,4.7,62.6,1301.9,1700.2,53.3,722.0,2475.5,70.8,3.0,68.7,1753.5,179.1,20.4,88.3,287.7,69.3,10.2,62.2,199.4,108.9,11.5,65.6,186.0,64.8,9.6,58.6,120.5,354.5,14.6,141.7,510.8,72.3,3.9,69.4,369.1,26.6,1.8,11.5,39.9,71.2,6.4,66.6,28.4,47.4,1.6,22.4,71.5,68.6,3.2,66.4,49.0,157.1,14.6,57.5,229.2,74.9,8.5,68.5,171.7,68.4,4.8,30.6,103.7,70.5,6.5,66.0,73.2,"..","..","..","..","..","..","..","..",2642.2,122.5,1139.5,3904.2,70.8,4.4,67.7,2764.7
"2018Q3",896.5,27.9,288.3,1212.7,76.2,3.0,73.9,924.3,87.7,11.3,37.5,136.4,72.5,11.4,64.2,99.0,61.9,3.9,26.6,92.4,71.3,6.0,67.0,65.8,196.3,6.3,54.4,256.9,78.8,3.1,76.4,202.5,18.1,"..",3.9,22.6,82.9,2.9,80.5,18.7,27.1,"..",10.6,38.7,72.6,3.4,70.1,28.1,81.8,4.5,30.8,117.1,73.7,5.3,69.8,86.3,37.1,1.9,13.4,52.4,74.4,4.9,70.7,39.0,"..","..","..","..","..","..","..","..",1406.4,57.3,465.5,1929.2,75.9,3.9,72.9,1463.7,818.2,20.3,421.3,1259.8,66.6,2.4,64.9,838.5,88.8,9.3,57.2,155.3,63.2,9.5,57.2,98.1,50.9,3.8,41.9,96.6,56.6,6.9,52.7,54.7,165.0,8.1,92.0,265.1,65.3,4.7,62.3,173.1,11.6,"..",7.3,19.7,62.8,6.1,59.0,12.4,20.6,"..",11.7,33.3,64.7,4.2,62.0,21.5,73.2,5.0,33.4,111.6,70.1,6.4,65.6,78.2,30.2,2.1,15.8,48.1,67.1,6.5,62.8,32.3,"..","..","..","..","..","..","..","..",1258.6,50.2,680.7,1989.5,65.8,3.8,63.3,1308.8,1714.6,48.2,709.6,2472.5,71.3,2.7,69.3,1762.8,176.5,20.6,94.7,291.7,67.5,10.4,60.5,197.0,112.8,7.7,68.5,189.0,63.8,6.4,59.7,120.5,361.3,14.4,146.4,522.0,72.0,3.8,69.2,375.7,29.8,1.3,11.2,42.2,73.5,4.2,70.4,31.1,47.7,1.9,22.3,71.9,69.0,3.8,66.4,49.6,155.0,9.5,64.2,228.8,71.9,5.8,67.7,164.5,67.2,4.0,29.2,100.5,70.9,5.6,66.9,71.2,"..","..","..","..","..","..","..","..",2664.9,107.5,1146.2,3918.6,70.8,3.9,68.0,2772.5
"2018Q4",905.5,33.9,292.3,1231.7,76.3,3.6,73.5,939.4,89.2,10.2,38.6,137.9,72.0,10.2,64.7,99.3,64.0,5.9,25.1,95.1,73.6,8.5,67.4,70.0,188.8,8.6,51.0,248.4,79.5,4.4,76.0,197.5,15.0,1.1,4.1,20.2,79.6,6.7,74.3,16.1,27.7,"..",9.1,37.6,75.7,2.7,73.7,28.5,83.7,3.9,27.5,115.1,76.1,4.5,72.7,87.6,35.0,2.4,13.6,50.9,73.3,6.3,68.7,37.3,"..","..","..","..","..","..","..","..",1408.9,66.8,461.4,1937.0,76.2,4.5,72.7,1475.7,816.3,23.4,430.0,1269.8,66.1,2.8,64.3,839.8,81.8,10.2,56.1,148.1,62.1,11.1,55.2,92.0,51.9,4.9,43.7,100.4,56.5,8.6,51.6,56.8,162.2,6.3,89.8,258.3,65.2,3.7,62.8,168.4,10.9,"..",7.6,19.0,60.1,4.7,57.3,11.4,19.1,1.0,13.1,33.2,60.6,5.0,57.5,20.1,76.9,5.0,36.8,118.7,69.0,6.1,64.8,81.9,29.1,3.3,17.0,49.4,65.6,10.1,59.0,32.4,"..","..","..","..","..","..","..","..",1248.2,54.7,694.1,1997.0,65.2,4.2,62.5,1302.9,1721.8,57.4,722.3,2501.5,71.1,3.2,68.8,1779.2,171.0,20.4,94.7,286.1,66.9,10.7,59.8,191.4,115.9,10.8,68.8,195.5,64.8,8.5,59.3,126.7,351.0,14.9,140.8,506.7,72.2,4.1,69.3,365.9,25.9,1.6,11.7,39.2,70.1,5.8,66.0,27.5,46.8,1.8,22.2,70.8,68.6,3.7,66.1,48.6,160.5,9.0,64.3,233.8,72.5,5.3,68.7,169.5,64.1,5.6,30.6,100.4,69.5,8.1,63.9,69.8,"..","..","..","..","..","..","..","..",2657.1,121.5,1155.4,3934.0,70.6,4.4,67.5,2778.6
"2019Q1",894.8,29.9,297.7,1222.4,75.6,3.2,73.2,924.7,94.1,8.5,42.5,145.1,70.7,8.3,64.8,102.6,64.5,5.8,28.2,98.6,71.4,8.3,65.5,70.4,203.1,7.1,50.0,260.2,80.8,3.4,78.1,210.2,17.4,"..",3.6,21.9,83.7,4.9,79.7,18.3,25.2,1.3,9.1,35.6,74.4,4.8,70.8,26.4,82.3,3.4,25.5,111.2,77.1,3.9,74.1,85.7,34.6,2.0,14.1,50.7,72.2,5.4,68.3,36.6,"..","..","..","..","..","..","..","..",1416.1,58.8,470.7,1945.6,75.8,4.0,72.8,1474.9,819.3,26.1,420.4,1265.8,66.8,3.1,64.7,845.3,85.9,12.1,57.9,155.9,62.8,12.4,55.1,98.0,55.5,6.1,44.1,105.7,58.3,10.0,52.5,61.7,166.5,10.2,85.2,261.9,67.5,5.8,63.6,176.7,12.7,"..",7.3,20.9,65.3,6.5,61.0,13.6,19.5,"..",11.6,31.7,63.6,3.3,61.5,20.2,72.2,6.1,35.3,113.7,68.9,7.8,63.6,78.4,28.4,3.5,17.4,49.4,64.8,11.1,57.6,32.0,"..","..","..","..","..","..","..","..",1260.2,65.7,679.1,2005.0,66.1,5.0,62.9,1325.9,1714.0,55.9,718.1,2488.1,71.1,3.2,68.9,1770.0,180.0,20.6,100.4,301.1,66.6,10.3,59.8,200.6,120.1,12.0,72.3,204.3,64.6,9.1,58.8,132.0,369.6,17.2,135.2,522.1,74.1,4.5,70.8,386.9,30.2,1.8,10.8,42.8,74.7,5.5,70.6,32.0,44.7,1.9,20.7,67.3,69.3,4.2,66.4,46.6,154.6,9.5,60.8,224.8,73.0,5.8,68.7,164.0,63.1,5.5,31.5,100.1,68.5,8.0,63.0,68.6,"..","..","..","..","..","..","..","..",2676.3,124.5,1149.8,3950.6,70.9,4.4,67.7,2800.8
"2019Q2",885.3,24.3,308.6,1218.3,74.7,2.7,72.7,909.7,91.2,7.5,45.4,144.1,68.5,7.6,63.3,98.7,61.8,4.6,26.0,92.4,71.9,7.0,66.9,66.4,218.7,6.8,55.8,281.2,80.2,3.0,77.8,225.5,15.3,1.1,4.0,20.4,80.6,6.8,75.1,16.4,26.7,1.5,9.5,37.7,74.7,5.2,70.8,28.1,83.6,4.2,27.0,114.7,76.5,4.8,72.8,87.7,29.1,3.1,12.1,44.3,72.6,9.7,65.6,32.2,"..","..","..","..","..","..","..","..",1411.6,53.1,488.4,1953.1,75.0,3.6,72.3,1464.7,807.3,21.3,426.1,1254.6,66.0,2.6,64.3,828.5,91.5,10.3,54.2,155.9,65.3,10.1,58.7,101.7,51.4,5.1,41.8,98.3,57.5,9.0,52.3,56.5,180.4,10.4,93.6,284.4,67.1,5.5,63.4,190.8,12.5,"..",8.3,21.6,61.6,5.8,58.0,13.3,20.7,"..",14.0,35.2,60.1,2.0,58.9,21.1,72.5,4.6,39.7,116.7,66.0,6.0,62.1,77.1,26.8,2.9,14.9,44.6,66.5,9.9,60.0,29.7,"..","..","..","..","..","..","..","..",1263.1,55.8,692.5,2011.4,65.6,4.2,62.8,1318.9,1692.6,45.6,734.7,2472.9,70.3,2.6,68.4,1738.2,182.7,17.8,99.6,300.0,66.8,8.9,60.9,200.4,113.3,9.7,67.7,190.7,64.5,7.9,59.4,123.0,399.1,17.2,149.3,565.6,73.6,4.1,70.6,416.3,27.8,1.9,12.3,42.0,70.8,6.3,66.3,29.7,47.4,1.9,23.6,72.8,67.6,3.9,65.0,49.3,156.1,8.8,66.7,231.5,71.2,5.3,67.4,164.8,55.8,6.0,27.1,88.9,69.6,9.8,62.8,61.9,"..","..","..","..","..","..","..","..",2674.7,108.9,1180.9,3964.5,70.2,3.9,67.5,2783.6
"2019Q3",885.2,25.5,302.1,1212.7,75.1,2.8,73.0,910.6,92.7,10.7,44.6,147.9,69.9,10.3,62.7,103.4,65.3,5.0,28.2,98.5,71.3,7.1,66.3,70.3,221.1,7.3,60.3,288.7,79.1,3.2,76.6,228.4,15.3,"..",4.0,20.2,80.2,5.2,76.0,16.2,23.9,"..",9.8,34.1,71.2,1.2,70.3,24.2,79.3,4.7,26.5,110.5,76.0,5.6,71.7,84.0,35.2,"..",12.9,49.1,73.8,2.7,71.7,36.2,"..","..","..","..","..","..","..","..",1418.0,55.3,488.4,1961.7,75.1,3.8,72.3,1473.3,811.5,23.4,413.2,1248.1,66.9,2.8,65.0,835.0,86.7,8.7,62.2,157.6,60.5,9.1,55.0,95.4,56.2,4.8,46.3,107.4,56.9,7.9,52.4,61.1,178.3,9.4,96.6,284.4,66.0,5.0,62.7,187.7,13.4,1.1,7.8,22.3,65.0,7.8,59.9,14.5,18.4,"..",13.9,32.9,57.6,3.0,55.9,18.9,73.9,4.9,36.4,115.2,68.4,6.2,64.2,78.8,30.2,4.1,16.3,50.7,67.8,11.9,59.7,34.3,"..","..","..","..","..","..","..","..",1268.7,57.1,692.8,2018.6,65.7,4.3,62.9,1325.8,1696.7,48.9,715.2,2460.8,70.9,2.8,68.9,1745.6,179.4,19.3,106.8,305.5,65.0,9.7,58.7,198.7,121.5,9.8,74.5,205.9,63.8,7.5,59.0,131.3,399.4,16.7,156.9,573.1,72.6,4.0,69.7,416.1,28.7,2.0,11.8,42.5,72.2,6.5,67.5,30.7,42.3,"..",23.8,66.9,64.5,2.0,63.2,43.2,153.2,9.6,62.9,225.7,72.1,5.9,67.9,162.8,65.5,5.1,29.2,99.8,70.7,7.2,65.6,70.6,"..","..","..","..","..","..","..","..",2686.7,112.4,1181.2,3980.3,70.3,4.0,67.5,2799.0
"2019Q4",897.5,27.2,299.8,1224.5,75.5,2.9,73.3,924.7,95.3,9.3,45.0,149.7,69.9,8.9,63.7,104.7,71.4,5.5,25.9,102.8,74.8,7.1,69.5,76.9,216.8,7.1,54.4,278.4,80.4,3.2,77.9,223.9,17.8,1.6,4.1,23.5,82.6,8.0,76.0,19.4,23.6,"..",9.5,33.9,71.8,3.0,69.7,24.3,79.3,5.9,25.2,110.4,77.2,6.9,71.9,85.2,36.6,1.7,13.4,51.7,74.1,4.3,70.9,38.3,"..","..","..","..","..","..","..","..",1438.4,58.9,477.3,1974.6,75.8,3.9,72.8,1497.3,807.7,24.0,419.9,1251.6,66.5,2.9,64.5,831.7,90.0,10.5,56.7,157.2,63.9,10.4,57.3,100.5,55.8,5.2,46.5,107.6,56.7,8.5,51.9,61.0,186.7,6.9,93.6,287.2,67.4,3.6,65.0,193.6,15.0,1.2,8.2,24.5,66.4,7.6,61.3,16.3,18.4,"..",13.5,32.5,58.5,3.4,56.5,19.0,76.7,5.9,35.5,118.1,69.9,7.1,64.9,82.6,30.5,2.2,19.1,51.8,63.2,6.8,58.9,32.8,"..","..","..","..","..","..","..","..",1280.8,56.7,693.0,2030.5,65.9,4.2,63.1,1337.5,1705.2,51.2,719.7,2476.0,70.9,2.9,68.9,1756.4,185.4,19.8,101.7,306.9,66.9,9.7,60.4,205.2,127.2,10.7,72.4,210.3,65.6,7.8,60.5,137.9,403.5,14.0,148.0,565.5,73.8,3.4,71.4,417.6,32.9,2.8,12.3,48.0,74.3,7.8,68.5,35.7,41.9,1.4,23.1,66.4,65.3,3.2,63.2,43.3,156.0,11.8,60.6,228.4,73.5,7.0,68.3,167.8,67.1,3.9,32.5,103.5,68.6,5.5,64.9,71.0,"..","..","..","..","..","..","..","..",2719.3,115.5,1170.3,4005.1,70.8,4.1,67.9,2834.8
"2020Q1",905.5,28.9,296.1,1230.5,75.9,3.1,73.6,934.5,98.6,8.5,41.7,148.8,72.0,7.9,66.3,107.1,70.3,5.4,26.1,101.8,74.3,7.2,69.0,75.7,222.9,9.5,54.5,286.9,81.0,4.1,77.7,232.4,18.5,1.4,4.6,24.5,81.1,7.0,75.4,19.9,21.7,"..",11.4,33.5,65.9,1.6,64.8,22.0,79.4,7.2,25.8,112.3,77.1,8.3,70.7,86.6,37.0,2.2,13.0,52.2,75.1,5.6,70.9,39.2,"..","..","..","..","..","..","..","..",1453.9,63.5,473.2,1990.6,76.2,4.2,73.0,1517.4,811.0,25.5,418.5,1255.0,66.7,3.0,64.6,836.5,88.1,10.5,59.0,157.6,62.6,10.7,55.9,98.6,54.6,6.6,45.5,106.8,57.3,10.7,51.2,61.2,184.6,12.3,93.0,290.0,67.9,6.3,63.7,196.9,16.6,1.2,9.6,27.3,65.0,6.6,60.7,17.7,18.6,"..",15.1,34.2,55.9,3.0,54.2,19.1,76.6,6.6,36.3,119.6,69.7,8.0,64.1,83.3,34.2,1.6,19.9,55.7,64.3,4.6,61.4,35.9,"..","..","..","..","..","..","..","..",1284.4,64.9,696.8,2046.1,65.9,4.8,62.8,1349.3,1716.6,54.4,714.5,2485.5,71.3,3.1,69.1,1771.0,186.8,19.0,100.6,306.4,67.2,9.2,61.0,205.7,124.9,12.0,71.7,208.6,65.6,8.8,59.9,136.9,407.5,21.8,147.6,576.9,74.4,5.1,70.6,429.3,35.0,2.6,14.2,51.8,72.6,6.8,67.7,37.6,40.2,"..",26.5,67.7,60.8,2.3,59.4,41.2,156.0,13.8,62.0,231.9,73.2,8.2,67.3,169.9,71.2,3.9,32.9,107.9,69.5,5.1,66.0,75.0,"..","..","..","..","..","..","..","..",2738.3,128.4,1170.0,4036.7,71.0,4.5,67.8,2866.7
"2020Q2",902.8,26.5,316.7,1246.0,74.6,2.9,72.5,929.3,100.3,7.3,44.2,151.8,70.9,6.8,66.1,107.6,59.4,4.2,24.6,88.2,72.1,6.6,67.4,63.6,225.9,7.8,60.8,294.4,79.4,3.3,76.7,233.7,16.3,"..",4.6,21.6,78.5,4.3,75.2,17.0,21.0,"..",10.6,32.4,67.4,3.6,64.9,21.8,79.4,4.3,30.0,113.8,73.6,5.2,69.8,83.8,37.7,1.2,13.6,52.5,74.0,3.0,71.8,38.9,"..","..","..","..","..","..","..","..",1442.8,52.8,505.1,2000.7,74.8,3.5,72.1,1495.6,811.6,26.4,438.4,1276.4,65.7,3.2,63.6,838.0,89.6,8.5,66.2,164.3,59.7,8.6,54.6,98.1,48.3,3.8,42.6,94.7,55.0,7.3,51.0,52.1,183.7,10.6,98.5,292.8,66.3,5.4,62.7,194.3,14.8,1.2,8.5,24.6,65.3,7.4,60.4,16.0,17.2,"..",13.6,31.6,57.0,4.3,54.5,18.0,72.9,4.4,38.9,116.2,66.5,5.7,62.7,77.3,31.3,2.9,21.5,55.8,61.4,8.6,56.1,34.3,"..","..","..","..","..","..","..","..",1269.5,58.6,728.2,2056.3,64.6,4.4,61.7,1328.1,1714.4,53.0,755.0,2522.3,70.1,3.0,68.0,1767.3,189.9,15.8,110.4,316.1,65.1,7.7,60.1,205.7,107.7,8.0,67.1,182.8,63.3,6.9,58.9,115.7,409.6,18.3,159.3,587.2,72.9,4.3,69.8,427.9,31.1,1.9,13.2,46.2,71.5,5.8,67.3,33.0,38.3,1.6,24.2,64.0,62.2,3.9,59.8,39.8,152.3,8.8,68.9,230.0,70.0,5.4,66.2,161.0,69.1,4.1,35.2,108.3,67.5,5.6,63.7,73.2,"..","..","..","..","..","..","..","..",2712.3,111.4,1233.3,4057.0,69.6,3.9,66.9,2823.7
"2020Q3",889.3,34.2,310.1,1233.5,74.9,3.7,72.1,923.4,96.5,8.3,51.5,156.3,67.1,8.0,61.7,104.8,65.2,5.3,25.9,96.4,73.2,7.5,67.6,70.5,232.0,10.6,56.2,298.8,81.2,4.4,77.6,242.6,18.2,2.3,5.1,25.6,80.2,11.1,71.3,20.5,19.0,"..",9.3,28.9,68.0,3.4,65.7,19.7,77.2,6.7,28.7,112.5,74.5,7.9,68.6,83.8,35.2,2.7,13.4,51.2,73.9,7.1,68.6,37.9,"..","..","..","..","..","..","..","..",1432.5,70.7,500.0,2003.2,75.0,4.7,71.5,1503.3,797.7,33.7,431.0,1262.4,65.9,4.1,63.2,831.4,87.6,9.3,66.2,163.1,59.4,9.6,53.7,96.9,53.5,4.6,46.0,104.1,55.8,7.9,51.4,58.1,184.2,14.0,103.2,301.4,65.8,7.1,61.1,198.2,15.9,1.5,9.1,26.6,65.6,8.5,60.0,17.4,15.5,"..",13.3,29.4,54.7,3.9,52.5,16.1,74.7,6.7,40.0,121.4,67.0,8.2,61.5,81.4,30.0,3.0,17.7,50.7,65.1,9.1,59.1,33.0,"..","..","..","..","..","..","..","..",1259.0,73.5,726.5,2059.1,64.7,5.5,61.1,1332.5,1686.9,67.9,741.1,2495.9,70.3,3.9,67.6,1754.8,184.1,17.7,117.7,319.4,63.2,8.8,57.6,201.8,118.7,9.9,71.9,200.5,64.2,7.7,59.2,128.6,416.1,24.6,159.3,600.1,73.4,5.6,69.3,440.8,34.2,3.8,14.2,52.1,72.8,9.9,65.6,37.9,34.5,1.3,22.6,58.4,61.3,3.6,59.0,35.8,151.9,13.3,68.7,233.9,70.6,8.1,64.9,165.2,65.1,5.7,31.1,101.9,69.5,8.1,63.9,70.8,"..","..","..","..","..","..","..","..",2691.6,144.2,1226.5,4062.3,69.8,5.1,66.3,2835.8
"2020Q4",897.7,32.2,308.9,1238.9,75.1,3.5,72.5,930.0,106.0,11.0,46.0,163.0,71.8,9.4,65.0,117.1,64.9,7.0,27.8,99.7,72.1,9.7,65.1,71.9,233.5,9.8,52.3,295.6,82.3,4.0,79.0,243.3,18.8,1.9,4.5,25.2,82.0,9.2,74.5,20.7,17.1,"..",7.5,25.1,70.3,3.1,68.1,17.7,78.6,4.3,25.3,108.3,76.6,5.2,72.6,82.9,33.5,3.0,12.8,49.3,74.1,8.3,67.9,36.5,"..","..","..","..","..","..","..","..",1450.2,69.8,485.1,2005.1,75.8,4.6,72.3,1520.0,812.4,30.0,435.5,1277.9,65.9,3.6,63.6,842.4,90.7,13.1,65.0,168.8,61.5,12.6,53.8,103.8,54.0,5.1,42.5,101.6,58.2,8.6,53.2,59.1,188.2,12.8,94.5,295.5,68.0,6.4,63.7,201.0,14.9,1.0,8.7,24.7,64.6,6.5,60.4,16.0,13.1,"..",11.7,25.1,53.2,2.2,52.1,13.4,75.0,4.6,35.2,114.9,69.3,5.8,65.3,79.7,30.6,3.8,18.3,52.8,65.4,11.1,58.1,34.5,"..","..","..","..","..","..","..","..",1279.0,70.8,711.4,2061.2,65.5,5.2,62.1,1349.8,1710.1,62.2,744.4,2516.7,70.4,3.5,68.0,1772.4,196.8,24.1,110.9,331.8,66.6,10.9,59.3,220.9,119.0,12.0,70.3,201.3,65.1,9.2,59.1,131.0,421.7,22.6,146.7,591.1,75.2,5.1,71.3,444.4,33.7,2.9,13.3,49.9,73.4,8.0,67.5,36.6,30.2,"..",19.2,50.3,61.8,2.7,60.1,31.0,153.6,8.9,60.6,223.1,72.9,5.5,68.9,162.6,64.1,6.9,31.1,102.0,69.6,9.7,62.8,71.0,"..","..","..","..","..","..","..","..",2729.2,140.6,1196.5,4066.3,70.6,4.9,67.1,2869.8
"2021Q1",900.3,33.6,306.8,1240.6,75.3,3.6,72.6,933.8,102.7,12.3,46.7,161.7,71.1,10.7,63.5,115.0,65.6,5.7,27.6,99.0,72.1,8.1,66.3,71.3,234.2,10.6,50.1,295.0,83.0,4.3,79.4,244.8,18.0,1.5,4.0,23.5,83.1,7.9,76.6,19.5,16.7,"..",6.7,23.6,71.4,0.9,70.7,16.8,79.7,4.7,27.3,111.7,75.5,5.6,71.3,84.4,33.7,4.2,13.4,51.3,73.9,11.2,65.6,37.9,"..","..","..","..","..","..","..","..",1450.8,72.9,482.7,2006.4,75.9,4.8,72.3,1523.7,810.2,32.5,437.0,1279.8,65.9,3.9,63.3,842.8,91.5,9.3,64.8,165.7,60.9,9.2,55.3,100.9,51.1,7.0,43.0,101.0,57.5,12.0,50.6,58.1,190.1,9.1,90.5,289.7,68.8,4.6,65.6,199.3,15.0,1.5,7.3,23.7,69.2,8.8,63.1,16.4,12.9,"..",10.9,24.0,54.7,1.4,53.9,13.1,77.3,5.2,38.5,121.1,68.2,6.3,63.9,82.5,36.4,3.6,17.0,57.0,70.1,9.0,63.8,40.0,"..","..","..","..","..","..","..","..",1284.6,68.4,709.0,2062.1,65.6,5.1,62.3,1353.0,1710.5,66.1,743.8,2520.4,70.5,3.7,67.9,1776.6,194.3,21.6,111.5,327.4,65.9,10.0,59.3,215.9,116.7,12.7,70.6,200.0,64.7,9.8,58.3,129.4,424.4,19.7,140.6,584.7,76.0,4.4,72.6,444.1,33.0,3.0,11.3,47.2,76.1,8.3,69.8,36.0,29.6,"..",17.6,47.6,62.9,1.1,62.2,29.9,157.0,9.9,65.9,232.8,71.7,5.9,67.4,166.9,70.1,7.9,30.4,108.4,71.9,10.1,64.7,77.9,"..","..","..","..","..","..","..","..",2735.4,141.3,1191.8,4068.5,70.7,4.9,67.2,2876.7
"2021Q2",902.1,24.6,311.9,1238.5,74.8,2.7,72.8,926.6,98.7,9.6,53.0,161.3,67.1,8.9,61.2,108.3,67.5,5.6,31.3,104.4,70.0,7.6,64.7,73.1,231.0,6.9,49.3,287.2,82.8,2.9,80.5,237.9,16.3,1.2,4.1,21.7,81.0,6.9,75.5,17.6,16.6,"..",6.1,22.7,73.3,0.6,72.8,16.7,81.5,3.8,28.9,114.2,74.7,4.4,71.4,85.3,40.5,3.8,12.7,56.9,77.7,8.5,71.1,44.2,"..","..","..","..","..","..","..","..",1454.2,55.4,497.3,2006.9,75.2,3.7,72.5,1509.6,809.4,23.6,449.4,1282.4,65.0,2.8,63.1,833.0,93.2,9.7,63.7,166.6,61.8,9.4,55.9,102.9,54.7,4.1,44.8,103.6,56.7,6.9,52.8,58.8,185.9,8.1,88.0,281.9,68.8,4.2,65.9,194.0,14.4,1.4,6.7,22.5,70.4,9.0,64.1,15.8,11.7,"..",10.7,22.7,53.0,2.5,51.7,12.0,82.0,5.1,34.7,121.8,71.5,5.8,67.3,87.1,40.3,3.0,17.7,61.0,70.9,6.9,66.0,43.3,"..","..","..","..","..","..","..","..",1291.6,55.2,715.7,2062.5,65.3,4.1,62.6,1346.9,1711.5,48.2,761.3,2520.9,69.8,2.7,67.9,1759.7,191.9,19.3,116.7,327.9,64.4,9.1,58.5,211.2,122.2,9.6,76.1,208.0,63.4,7.3,58.8,131.8,416.9,15.0,137.2,569.1,75.9,3.5,73.3,431.9,30.8,2.6,10.8,44.2,75.6,7.9,69.7,33.4,28.3,"..",16.8,45.4,63.1,1.4,62.2,28.7,163.5,8.8,63.7,236.0,73.0,5.1,69.3,172.3,80.7,6.8,30.4,117.9,74.2,7.7,68.5,87.5,"..","..","..","..","..","..","..","..",2745.8,110.7,1212.9,4069.4,70.2,3.9,67.5,2856.5
"2021Q3",925.0,21.2,318.8,1265.1,74.8,2.2,73.1,946.2,98.4,9.3,47.7,155.4,69.3,8.7,63.3,107.7,61.2,2.6,27.6,91.3,69.8,4.0,67.0,63.8,222.7,7.0,46.8,276.6,83.1,3.1,80.5,229.7,15.6,"..",4.3,20.9,79.3,6.0,74.6,16.6,15.3,"..",6.3,21.6,71.1,0.6,70.7,15.4,85.2,4.9,30.4,120.6,74.8,5.5,70.7,90.2,38.7,2.8,13.9,55.3,74.9,6.7,69.9,41.5,"..","..","..","..","..","..","..","..",1462.2,48.9,495.8,2006.9,75.3,3.2,72.9,1511.1,839.1,20.2,437.8,1297.1,66.2,2.4,64.7,859.3,95.2,8.0,64.0,167.2,61.7,7.7,57.0,103.2,49.6,3.2,37.4,90.2,58.6,6.1,55.0,52.8,192.0,5.6,81.1,278.8,70.9,2.9,68.9,197.7,16.4,"..",5.5,22.4,75.4,3.1,73.0,16.9,12.1,"..",9.9,22.1,55.3,1.4,54.6,12.2,84.4,3.5,35.4,123.3,71.3,3.9,68.5,87.9,40.9,3.3,18.1,62.2,70.9,7.4,65.7,44.1,"..","..","..","..","..","..","..","..",1329.7,44.5,689.2,2063.3,66.6,3.2,64.4,1374.1,1764.1,41.4,756.7,2562.2,70.5,2.3,68.9,1805.5,193.7,17.3,111.7,322.6,65.4,8.2,60.0,210.9,110.8,5.8,64.9,181.5,64.2,5.0,61.0,116.6,414.8,12.7,127.9,555.4,77.0,3.0,74.7,427.4,32.0,1.5,9.8,43.3,77.3,4.5,73.8,33.5,27.3,"..",16.1,43.7,63.1,0.9,62.5,27.6,169.6,8.4,65.8,243.9,73.0,4.7,69.6,178.1,79.6,6.0,32.0,117.6,72.8,7.0,67.7,85.6,"..","..","..","..","..","..","..","..",2791.8,93.4,1185.0,4070.2,70.9,3.2,68.6,2885.2
"2021Q4",925.5,20.6,312.9,1259.1,75.1,2.2,73.5,946.1,104.9,8.4,47.6,160.8,70.4,7.4,65.2,113.3,62.0,3.3,24.1,89.4,73.1,5.1,69.3,65.4,229.7,5.8,48.6,284.1,82.9,2.5,80.8,235.5,16.6,1.1,4.0,21.7,81.6,6.1,76.7,17.7,13.4,"..",6.3,19.9,68.3,1.3,67.4,13.6,86.0,6.2,26.5,118.7,77.7,6.7,72.5,92.2,38.8,1.9,12.8,53.5,76.1,4.6,72.6,40.7,"..","..","..","..","..","..","..","..",1477.0,47.4,482.8,2007.3,75.9,3.1,73.6,1524.5,840.4,18.7,426.8,1285.9,66.8,2.2,65.4,859.1,97.1,9.7,64.1,170.8,62.5,9.1,56.8,106.8,47.8,3.4,37.9,89.2,57.4,6.6,53.7,51.2,200.1,5.5,84.8,290.4,70.8,2.7,68.9,205.6,16.6,1.1,6.0,23.7,74.6,6.0,70.1,17.7,11.9,"..",8.4,20.3,58.6,"..",58.6,11.9,81.8,4.2,34.8,120.9,71.2,4.9,67.7,86.1,41.4,2.2,18.6,62.2,70.1,5.0,66.6,43.6,"..","..","..","..","..","..","..","..",1337.1,44.8,681.6,2063.5,67.0,3.2,64.8,1381.9,1765.9,39.3,739.8,2545.0,70.9,2.2,69.4,1805.2,201.9,18.1,111.7,331.7,66.3,8.2,60.9,220.0,109.9,6.7,62.0,178.6,65.3,5.8,61.5,116.6,429.7,11.3,133.5,574.6,76.8,2.6,74.8,441.1,33.2,2.1,10.0,45.4,77.9,6.0,73.2,35.4,25.3,"..",14.7,40.2,63.4,0.7,62.9,25.5,167.9,10.4,61.3,239.6,74.4,5.8,70.1,178.3,80.3,4.1,31.4,115.8,72.9,4.8,69.4,84.3,"..","..","..","..","..","..","..","..",2814.1,92.2,1164.4,4070.8,71.4,3.2,69.1,2906.3
"2022Q1",902.0,24.8,307.9,1234.7,75.1,2.7,73.1,926.8,105.3,7.9,52.4,165.5,68.4,7.0,63.6,113.2,69.1,4.7,29.1,102.9,71.7,6.3,67.1,73.7,238.8,5.4,44.3,288.5,84.6,2.2,82.8,244.2,15.6,"..",3.6,20.2,82.1,5.7,77.4,16.6,15.5,"..",6.4,22.4,71.5,3.6,68.9,16.0,84.1,3.8,24.8,112.7,78.0,4.3,74.6,87.9,43.9,2.0,14.3,60.2,76.3,4.4,72.9,45.9,"..","..","..","..","..","..","..","..",1474.2,50.0,482.9,2007.1,75.9,3.3,73.5,1524.3,818.7,23.9,429.5,1272.2,66.2,2.8,64.4,842.7,96.7,7.6,67.1,171.5,60.8,7.3,56.4,104.3,53.4,4.1,42.0,99.5,57.8,7.1,53.7,57.5,201.4,4.4,84.2,290.0,71.0,2.1,69.4,205.8,15.4,1.8,6.9,24.1,71.5,10.5,64.0,17.2,12.6,"..",9.5,22.2,57.1,0.6,56.8,12.7,81.8,4.9,33.9,120.5,71.9,5.6,67.9,86.7,43.5,3.2,16.2,62.9,74.3,6.9,69.2,46.8,"..","..","..","..","..","..","..","..",1323.6,50.0,689.2,2062.8,66.6,3.6,64.2,1373.6,1720.8,48.7,737.4,2506.9,70.6,2.8,68.6,1769.5,202.0,15.5,119.5,337.0,64.5,7.1,59.9,217.5,122.5,8.8,71.1,202.3,64.9,6.7,60.5,131.2,440.2,9.7,128.6,578.5,77.8,2.2,76.1,449.9,31.1,2.7,10.5,44.3,76.4,8.1,70.1,33.8,28.0,"..",15.9,44.6,64.4,2.3,62.9,28.7,165.9,8.6,58.7,233.3,74.8,4.9,71.1,174.6,87.4,5.3,30.5,123.1,75.3,5.7,71.0,92.6,"..","..","..","..","..","..","..","..",2797.9,100.0,1172.1,4070.0,71.2,3.5,68.7,2897.9
"2022Q2",893.6,23.6,328.6,1245.7,73.6,2.6,71.7,917.1,104.6,6.8,50.0,161.5,69.0,6.1,64.8,111.5,71.2,2.9,26.4,100.6,73.8,4.0,70.8,74.2,232.0,4.3,47.1,283.4,83.4,1.8,81.9,236.3,15.3,"..",3.0,19.2,84.3,5.4,79.8,16.2,14.6,"..",6.2,21.0,70.3,0.6,69.8,14.7,88.2,4.0,26.8,119.0,77.5,4.4,74.1,92.2,40.1,2.3,14.4,56.9,74.6,5.5,70.5,42.5,"..","..","..","..","..","..","..","..",1459.7,45.0,502.6,2007.3,75.0,3.0,72.7,1504.7,809.3,23.0,446.5,1278.8,65.1,2.8,63.3,832.3,93.9,6.0,66.0,165.9,60.2,6.0,56.6,99.9,54.5,3.6,37.5,95.6,60.8,6.3,57.0,58.1,199.5,6.9,79.6,286.0,72.2,3.3,69.8,206.4,16.1,"..",6.3,23.3,73.1,5.8,68.9,17.0,10.5,"..",9.8,20.8,53.0,4.6,50.6,11.0,87.8,4.3,34.8,126.9,72.6,4.7,69.2,92.1,45.4,2.5,17.7,65.6,73.0,5.2,69.2,47.9,"..","..","..","..","..","..","..","..",1316.9,47.9,698.0,2062.8,66.2,3.5,63.8,1364.8,1702.9,46.6,775.0,2524.5,69.3,2.7,67.5,1749.4,198.5,12.8,116.0,327.3,64.6,6.1,60.6,211.3,125.7,6.6,63.9,196.2,67.4,5.0,64.1,132.3,431.5,11.2,126.7,569.4,77.8,2.5,75.8,442.7,31.4,1.9,9.3,42.5,78.2,5.6,73.8,33.2,25.1,"..",16.0,41.7,61.7,2.3,60.2,25.7,176.0,8.4,61.6,245.9,74.9,4.5,71.5,184.3,85.5,4.8,32.1,122.5,73.8,5.4,69.8,90.4,"..","..","..","..","..","..","..","..",2776.6,92.9,1200.6,4070.0,70.5,3.2,68.2,2869.5
"2022Q3",900.0,18.7,319.2,1237.9,74.2,2.0,72.7,918.7,109.8,8.6,47.2,165.5,71.5,7.2,66.3,118.3,74.0,3.0,27.1,104.1,74.0,3.9,71.1,77.0,236.1,4.6,46.7,287.4,83.8,1.9,82.1,240.7,16.5,1.1,3.0,20.5,85.4,6.2,80.2,17.5,13.9,"..",6.0,19.9,69.9,"..",69.9,13.9,84.7,3.7,27.0,115.4,76.6,4.2,73.4,88.4,44.1,2.9,12.9,60.0,78.4,6.2,73.6,47.0,"..","..","..","..","..","..","..","..",1479.1,42.5,489.0,2010.6,75.7,2.8,73.6,1521.5,826.0,21.2,422.7,1269.9,66.7,2.5,65.0,847.2,97.4,9.3,64.6,171.3,62.3,8.7,56.9,106.7,59.6,5.5,36.5,101.5,64.1,8.4,58.7,65.1,206.6,5.6,77.9,290.2,73.2,2.7,71.2,212.3,16.0,"..",8.3,25.1,66.9,4.3,64.0,16.8,10.0,"..",10.2,20.6,50.2,2.8,48.8,10.3,81.7,4.9,37.2,123.7,70.0,5.7,66.0,86.6,43.2,3.8,17.2,64.3,73.2,8.1,67.3,47.0,"..","..","..","..","..","..","..","..",1340.6,51.4,674.6,2066.5,67.4,3.7,64.9,1391.9,1726.0,39.9,741.8,2507.8,70.4,2.3,68.8,1765.9,207.2,17.8,111.8,336.8,66.8,7.9,61.5,225.0,133.6,8.5,63.6,205.6,69.1,6.0,65.0,142.1,442.7,10.2,124.6,577.5,78.4,2.3,76.7,452.9,32.5,1.8,11.3,45.6,75.2,5.3,71.3,34.3,23.9,"..",16.2,40.5,59.9,1.2,59.2,24.2,166.4,8.6,64.2,239.1,73.2,4.9,69.6,175.0,87.3,6.7,30.2,124.2,75.7,7.1,70.3,94.1,"..","..","..","..","..","..","..","..",2819.6,93.8,1163.6,4077.1,71.5,3.2,69.2,2913.5
"2022Q4",916.8,23.3,304.2,1244.3,75.6,2.5,73.7,940.1,110.9,10.5,44.1,165.4,73.4,8.6,67.0,121.4,72.4,4.7,26.5,103.6,74.5,6.1,69.9,77.1,236.6,6.3,42.6,285.4,85.1,2.6,82.9,242.9,16.0,"..",3.7,20.6,82.1,5.1,77.9,16.9,16.7,"..",7.5,24.7,69.8,3.2,67.6,17.3,87.8,4.2,24.3,116.3,79.1,4.5,75.5,92.0,45.2,1.5,13.6,60.3,77.5,3.2,75.0,46.7,"..","..","..","..","..","..","..","..",1502.5,51.8,466.3,2020.7,76.9,3.3,74.4,1554.3,834.3,17.6,417.7,1269.6,67.1,2.1,65.7,851.9,98.0,9.8,65.0,172.8,62.4,9.1,56.7,107.8,58.5,4.0,38.6,101.2,61.8,6.4,57.8,62.5,206.6,7.3,77.7,291.6,73.3,3.4,70.8,213.9,15.8,"..",8.1,24.8,67.2,5.3,63.7,16.6,12.8,"..",11.0,24.3,54.6,3.9,52.5,13.3,83.6,4.6,36.2,124.3,70.9,5.2,67.2,88.1,45.4,2.9,18.9,67.1,71.9,5.9,67.6,48.3,"..","..","..","..","..","..","..","..",1354.9,47.5,673.2,2075.6,67.6,3.4,65.3,1402.4,1751.1,40.9,721.9,2513.9,71.3,2.3,69.7,1792.0,208.9,20.2,109.1,338.2,67.8,8.8,61.8,229.1,130.9,8.7,65.1,204.7,68.2,6.2,64.0,139.7,443.2,13.5,120.3,577.0,79.2,3.0,76.8,456.7,31.8,1.7,11.8,45.3,74.0,5.2,70.1,33.5,29.5,1.1,18.5,49.0,62.3,3.5,60.1,30.5,171.4,8.8,60.5,240.6,74.9,4.9,71.2,180.2,90.6,4.3,32.4,127.4,74.5,4.6,71.1,95.0,"..","..","..","..","..","..","..","..",2857.5,99.2,1139.6,4096.3,72.2,3.4,69.8,2956.7
"2023Q1",927.5,23.4,314.7,1265.5,75.1,2.5,73.3,950.8,113.6,10.5,47.1,171.2,72.5,8.5,66.4,124.1,68.4,3.0,26.2,97.6,73.2,4.2,70.1,71.4,239.7,6.2,38.1,284.0,86.6,2.5,84.4,245.9,17.6,"..",2.5,20.9,88.0,4.4,84.2,18.4,18.9,"..",7.4,26.9,72.7,3.1,70.4,19.5,86.9,5.3,24.3,116.5,79.2,5.8,74.6,92.2,41.7,3.8,11.8,57.3,79.4,8.3,72.8,45.5,"..","..","..","..","..","..","..","..",1514.3,53.6,472.0,2039.9,76.9,3.4,74.2,1567.9,843.3,23.3,418.1,1284.7,67.5,2.7,65.6,866.6,94.9,11.2,61.9,168.0,63.2,10.6,56.5,106.2,58.2,4.0,37.4,99.5,62.5,6.4,58.5,62.1,205.2,9.0,77.3,291.5,73.5,4.2,70.4,214.2,16.9,"..",7.5,25.0,69.9,3.4,67.5,17.5,13.6,"..",11.5,25.7,55.2,4.2,52.9,14.2,88.1,4.8,37.9,130.8,71.0,5.2,67.3,92.9,44.3,2.6,17.9,64.9,72.4,5.6,68.4,46.9,"..","..","..","..","..","..","..","..",1364.5,56.2,669.5,2090.2,68.0,4.0,65.3,1420.7,1770.8,46.7,732.8,2550.2,71.3,2.6,69.4,1817.5,208.5,21.8,108.9,339.2,67.9,9.4,61.5,230.2,126.6,7.0,63.5,197.1,67.8,5.2,64.2,133.6,444.9,15.2,115.4,575.5,79.9,3.3,77.3,460.1,34.5,1.4,10.0,45.9,78.1,3.9,75.1,35.9,32.5,1.2,18.9,52.6,64.1,3.6,61.8,33.7,175.0,10.2,62.2,247.3,74.9,5.5,70.8,185.2,86.1,6.4,29.8,122.2,75.7,6.9,70.4,92.4,"..","..","..","..","..","..","..","..",2878.9,109.8,1141.5,4130.1,72.4,3.7,69.7,2988.6
"2023Q2",915.1,24.0,309.2,1248.3,75.2,2.6,73.3,939.1,114.5,9.0,47.4,171.0,72.3,7.3,67.0,123.5,67.1,3.4,26.8,97.3,72.5,4.9,68.9,70.5,263.9,7.9,48.4,320.2,84.9,2.9,82.4,271.8,17.3,"..",4.4,22.5,80.2,3.8,77.2,18.0,18.1,"..",9.5,27.7,65.6,0.5,65.2,18.2,89.9,4.8,22.0,116.7,81.1,5.0,77.0,94.6,41.2,1.8,14.8,57.8,74.4,4.2,71.3,43.0,"..","..","..","..","..","..","..","..",1527.1,51.7,482.6,2061.3,76.6,3.3,74.1,1578.8,834.2,22.4,419.2,1275.8,67.1,2.6,65.4,856.7,98.2,9.8,67.6,175.6,61.5,9.1,55.9,108.0,58.9,5.1,36.2,100.2,63.9,8.0,58.8,64.0,226.2,8.5,84.3,319.0,73.6,3.6,70.9,234.7,16.2,"..",8.2,25.1,67.5,4.3,64.6,16.9,12.5,"..",12.0,24.9,51.8,3.5,50.0,12.9,79.8,5.5,38.6,123.8,68.9,6.4,64.4,85.2,43.0,2.4,17.0,62.4,72.7,5.3,68.9,45.4,"..","..","..","..","..","..","..","..",1368.9,54.9,682.9,2106.7,67.6,3.9,65.0,1423.8,1749.4,46.4,728.4,2524.1,71.1,2.6,69.3,1795.8,212.7,18.9,115.0,346.5,66.8,8.1,61.4,231.5,126.0,8.5,62.9,197.4,68.1,6.4,63.8,134.5,490.1,16.4,132.7,639.2,79.2,3.2,76.7,506.5,33.5,1.4,12.6,47.5,73.5,4.0,70.5,34.9,30.5,"..",21.6,52.6,59.0,1.8,58.0,31.1,169.7,10.2,60.6,240.5,74.8,5.7,70.6,179.9,84.2,4.2,31.8,120.2,73.5,4.8,70.0,88.4,"..","..","..","..","..","..","..","..",2896.0,106.6,1165.5,4168.1,72.0,3.5,69.5,3002.6
"2023Q3",892.7,21.9,316.1,1230.8,74.3,2.4,72.5,914.7,116.0,10.5,47.3,173.8,72.8,8.3,66.7,126.5,67.6,5.3,24.8,97.6,74.6,7.3,69.2,72.8,284.4,7.9,51.8,344.1,84.9,2.7,82.6,292.3,23.3,"..",5.0,29.0,82.7,3.2,80.1,24.0,21.5,"..",9.6,31.7,69.6,2.6,67.8,22.0,85.1,7.5,20.8,113.3,81.7,8.1,75.1,92.6,40.3,3.8,15.2,59.3,74.4,8.7,68.0,44.1,"..","..","..","..","..","..","..","..",1530.8,58.4,490.6,2079.7,76.4,3.7,73.6,1589.1,819.1,22.7,423.8,1265.6,66.5,2.7,64.7,841.8,97.1,10.8,67.0,174.9,61.7,10.0,55.5,107.9,59.3,5.2,40.5,105.0,61.4,8.1,56.4,64.5,235.2,9.1,87.5,331.9,73.6,3.7,70.9,244.4,16.2,"..",9.4,26.5,64.5,5.2,61.2,17.1,14.7,"..",11.7,27.0,56.7,4.1,54.4,15.3,80.9,5.6,36.1,122.6,70.6,6.5,66.0,86.5,45.8,3.4,20.2,69.4,70.9,7.0,66.0,49.2,"..","..","..","..","..","..","..","..",1368.2,58.4,696.2,2122.8,67.2,4.1,64.5,1426.7,1711.8,44.7,740.0,2496.4,70.4,2.5,68.6,1756.5,213.1,21.3,114.3,348.7,67.2,9.1,61.1,234.4,126.8,10.5,65.3,202.6,67.8,7.6,62.6,137.3,519.6,17.1,139.3,676.0,79.4,3.2,76.9,536.7,39.5,1.6,14.4,55.6,74.0,4.0,71.1,41.2,36.1,1.2,21.3,58.6,63.7,3.3,61.6,37.3,166.0,13.1,56.8,235.9,75.9,7.3,70.3,179.1,86.1,7.2,35.3,128.6,72.5,7.8,66.9,93.3,"..","..","..","..","..","..","..","..",2899.0,116.8,1186.8,4202.6,71.8,3.9,69.0,3015.8
"2023Q4",908.9,28.0,305.8,1242.7,75.4,3.0,73.1,936.8,112.8,11.2,50.2,174.2,71.2,9.0,64.8,124.0,71.8,3.7,24.3,99.8,75.6,4.9,71.9,75.5,279.4,8.5,52.4,340.2,84.6,2.9,82.1,287.9,24.9,"..",4.8,30.5,84.4,3.2,81.7,25.7,20.7,"..",9.9,30.8,67.9,1.2,67.1,20.9,89.3,6.6,21.5,117.4,81.7,6.9,76.1,95.9,40.2,2.6,15.8,58.5,73.1,6.0,68.7,42.8,"..","..","..","..","..","..","..","..",1548.0,61.5,484.6,2094.2,76.9,3.8,73.9,1609.6,824.2,23.8,421.4,1269.4,66.8,2.8,64.9,848.0,98.6,10.6,67.6,176.8,61.8,9.7,55.8,109.2,62.2,3.9,41.1,107.3,61.7,6.0,58.0,66.2,241.6,9.9,85.1,336.6,74.7,3.9,71.8,251.5,17.3,1.8,8.6,27.8,68.9,9.7,62.3,19.1,13.6,"..",11.6,25.7,54.8,3.0,53.1,14.1,82.9,5.1,36.8,124.9,70.5,5.8,66.4,88.0,45.2,4.2,19.1,68.4,72.1,8.4,66.1,49.3,"..","..","..","..","..","..","..","..",1385.6,59.8,691.5,2136.9,67.6,4.1,64.8,1445.4,1733.1,51.7,727.2,2512.1,71.0,2.9,69.0,1784.8,211.4,21.8,117.8,351.0,66.4,9.3,60.2,233.2,134.0,7.6,65.5,207.1,68.4,5.4,64.7,141.6,521.0,18.4,137.5,676.8,79.7,3.4,77.0,539.4,42.2,2.7,13.4,58.2,77.0,6.0,72.4,44.9,34.3,"..",21.5,56.5,61.9,2.0,60.7,35.0,172.3,11.7,58.3,242.3,75.9,6.4,71.1,184.0,85.4,6.7,34.8,126.9,72.6,7.3,67.3,92.1,"..","..","..","..","..","..","..","..",2933.7,121.3,1176.1,4231.0,72.2,4.0,69.3,3055.0
"2024Q1",887.6,30.5,312.1,1230.1,74.6,3.3,72.2,918.1,102.8,11.8,49.2,163.7,70.0,10.3,62.8,114.6,68.8,5.1,27.4,101.3,72.9,6.9,67.9,73.9,292.7,9.5,57.1,359.3,84.1,3.1,81.5,302.2,26.1,"..",4.2,30.9,86.5,2.5,84.3,26.7,20.9,"..",11.2,32.4,65.5,1.6,64.4,21.2,95.1,6.5,28.1,129.8,78.3,6.4,73.3,101.7,39.4,3.7,13.6,56.7,76.0,8.6,69.4,43.1,"..","..","..","..","..","..","..","..",1533.3,68.1,502.9,2104.3,76.1,4.3,72.9,1601.4,812.7,32.7,422.7,1268.0,66.7,3.9,64.1,845.4,100.5,10.8,64.1,175.4,63.5,9.7,57.3,111.3,57.2,6.2,40.1,103.5,61.2,9.8,55.2,63.3,244.8,10.7,94.7,350.2,73.0,4.2,69.9,255.5,17.4,1.5,9.7,28.6,66.0,8.0,60.7,18.9,15.5,1.2,12.6,29.3,57.0,7.2,52.9,16.7,85.3,7.0,34.7,127.0,72.7,7.6,67.2,92.3,39.4,5.4,20.5,65.3,68.6,12.1,60.3,44.8,"..","..","..","..","..","..","..","..",1372.7,75.6,699.0,2147.3,67.4,5.2,63.9,1448.3,1700.3,63.1,734.7,2498.2,70.6,3.6,68.1,1763.5,203.3,22.6,113.2,339.1,66.6,10.0,59.9,225.9,126.0,11.3,67.6,204.8,67.0,8.2,61.5,137.3,537.5,20.2,151.8,709.5,78.6,3.6,75.8,557.7,43.4,2.2,13.9,59.5,76.6,4.8,73.0,45.6,36.4,1.5,23.8,61.7,61.4,4.1,58.9,37.9,180.5,13.5,62.8,256.8,75.5,7.0,70.3,194.0,78.8,9.1,34.1,122.0,72.1,10.4,64.6,87.9,"..","..","..","..","..","..","..","..",2906.0,143.6,1201.9,4251.6,71.7,4.7,68.4,3049.7
"2024Q2",883.5,29.0,326.6,1239.1,73.6,3.2,71.3,912.5,99.5,13.2,47.4,160.1,70.4,11.7,62.1,112.7,63.5,5.2,24.3,92.9,73.9,7.5,68.3,68.6,300.3,11.8,56.9,369.0,84.6,3.8,81.4,312.0,25.4,1.2,4.1,30.7,86.7,4.4,82.8,26.6,17.5,"..",12.0,29.8,59.7,1.8,58.7,17.8,98.8,6.3,27.5,132.7,79.3,6.0,74.5,105.1,36.8,3.8,15.2,55.8,72.7,9.2,66.0,40.6,"..","..","..","..","..","..","..","..",1525.2,70.7,514.1,2110.1,75.6,4.4,72.3,1596.0,803.7,26.3,427.6,1257.6,66.0,3.2,63.9,830.0,95.1,11.6,65.7,172.4,61.9,10.9,55.1,106.7,55.9,5.3,41.1,102.3,59.8,8.6,54.6,61.1,253.3,11.5,98.2,363.0,72.9,4.3,69.8,264.8,16.9,2.0,9.5,28.4,66.6,10.5,59.6,18.9,17.6,"..",13.1,31.2,58.0,2.7,56.4,18.1,90.6,6.7,36.1,133.5,72.9,6.9,67.9,97.4,42.0,3.5,20.1,65.6,69.3,7.8,64.0,45.5,"..","..","..","..","..","..","..","..",1375.0,67.5,711.6,2154.0,67.0,4.7,63.8,1442.5,1687.1,55.4,754.2,2496.7,69.8,3.2,67.6,1742.5,194.6,24.8,113.2,332.5,66.0,11.3,58.5,219.4,119.3,10.5,65.4,195.2,66.5,8.1,61.1,129.8,553.6,23.2,155.2,732.0,78.8,4.0,75.6,576.8,42.4,3.2,13.6,59.1,77.1,7.0,71.7,45.5,35.0,"..",25.1,60.9,58.8,2.2,57.5,35.9,189.4,13.1,63.7,266.2,76.1,6.5,71.2,202.5,78.8,7.3,35.3,121.5,70.9,8.5,64.9,86.1,"..","..","..","..","..","..","..","..",2900.2,138.2,1225.7,4264.1,71.3,4.5,68.0,3038.4
"2024Q3",870.2,30.7,325.5,1226.4,73.5,3.4,71.0,900.9,95.2,11.5,50.6,157.2,67.8,10.7,60.6,106.7,65.3,6.2,27.3,98.9,72.4,8.7,66.1,71.6,298.6,12.8,59.9,371.3,83.9,4.1,80.4,311.4,27.1,1.2,6.4,34.8,81.7,4.4,78.1,28.4,18.8,"..",12.0,30.8,61.2,0.4,60.9,18.8,97.5,6.5,31.1,135.1,76.9,6.2,72.1,104.0,37.4,4.6,16.8,58.8,71.4,10.9,63.6,42.0,"..","..","..","..","..","..","..","..",1510.2,73.5,529.5,2113.2,74.9,4.6,71.5,1583.7,798.7,25.2,423.3,1247.2,66.1,3.1,64.0,823.9,92.7,12.2,65.0,169.9,61.8,11.7,54.5,104.9,55.1,7.2,40.2,102.5,60.8,11.5,53.8,62.3,255.5,15.5,101.2,372.2,72.8,5.7,68.7,271.0,19.4,2.0,10.0,31.4,68.0,9.4,61.7,21.4,18.9,"..",12.2,31.5,61.4,2.0,60.1,19.3,87.6,5.6,43.2,136.3,68.3,6.0,64.3,93.1,45.0,3.1,21.0,69.1,69.6,6.5,65.1,48.1,"..","..","..","..","..","..","..","..",1372.8,71.2,716.0,2160.0,66.9,4.9,63.6,1444.0,1668.9,55.8,748.8,2473.6,69.7,3.2,67.5,1724.8,187.9,23.7,115.5,327.1,64.7,11.2,57.4,211.6,120.5,13.4,67.5,201.4,66.5,10.0,59.8,133.9,554.2,28.3,161.1,743.5,78.3,4.9,74.5,582.4,46.5,3.2,16.4,66.1,75.2,6.5,70.3,49.8,37.7,"..",24.1,62.3,61.3,1.2,60.5,38.2,185.0,12.0,74.3,271.4,72.6,6.1,68.2,197.1,82.4,7.7,37.8,127.9,70.4,8.5,64.4,90.1,"..","..","..","..","..","..","..","..",2883.1,144.6,1245.6,4273.3,70.9,4.8,67.5,3027.7
"2024Q4",873.2,31.1,321.5,1225.8,73.8,3.4,71.2,904.3,93.7,15.0,51.0,159.7,68.0,13.8,58.7,108.7,66.1,7.0,26.6,99.8,73.3,9.6,66.3,73.2,304.3,11.4,60.0,375.6,84.0,3.6,81.0,315.6,26.5,2.1,4.7,33.4,85.9,7.4,79.5,28.7,16.4,"..",11.0,27.7,60.4,2.1,59.1,16.7,96.4,6.2,30.0,132.7,77.4,6.1,72.7,102.7,42.0,7.0,14.5,63.5,77.2,14.3,66.2,49.0,"..","..","..","..","..","..","..","..",1518.6,80.1,519.4,2118.2,75.5,5.0,71.7,1598.8,800.3,28.5,422.2,1250.9,66.3,3.4,64.0,828.8,93.5,10.7,69.0,173.2,60.2,10.3,54.0,104.2,58.6,5.2,41.4,105.2,60.7,8.2,55.7,63.8,258.9,16.9,99.4,375.2,73.5,6.1,69.0,275.8,17.8,1.2,8.5,27.5,69.1,6.5,64.6,19.0,15.7,"..",12.5,28.5,56.3,2.2,55.0,16.0,87.9,5.1,39.2,132.3,70.4,5.5,66.5,93.0,47.6,5.1,22.3,74.9,70.3,9.7,63.5,52.7,"..","..","..","..","..","..","..","..",1380.2,73.1,714.4,2167.7,67.0,5.0,63.7,1453.3,1673.5,59.6,743.7,2476.7,70.0,3.4,67.6,1733.1,187.1,25.7,120.0,332.9,63.9,12.1,56.2,212.8,124.7,12.3,68.0,205.0,66.8,8.9,60.8,137.0,563.2,28.2,159.4,750.8,78.8,4.8,75.0,591.4,44.3,3.4,13.2,60.9,78.3,7.0,72.8,47.7,32.1,"..",23.4,56.2,58.3,2.1,57.1,32.8,184.4,11.3,69.2,264.9,73.9,5.8,69.6,195.7,89.6,12.1,36.7,138.4,73.5,11.9,64.7,101.7,"..","..","..","..","..","..","..","..",2898.9,153.2,1233.8,4285.9,71.2,5.0,67.6,3052.1
"2025Q1",882.8,30.4,331.3,1244.5,73.4,3.3,70.9,913.1,91.4,14.8,49.1,155.3,68.4,14.0,58.8,106.3,69.8,7.8,24.1,101.8,76.3,10.1,68.6,77.7,295.5,13.6,56.9,366.0,84.4,4.4,80.7,309.1,25.0,2.1,5.8,32.8,82.5,7.8,76.0,27.1,14.0,"..",9.5,24.1,60.8,4.4,58.1,14.7,96.2,8.0,32.2,136.4,76.4,7.7,70.5,104.2,43.4,4.4,15.9,63.7,75.0,9.1,68.1,47.8,"..","..","..","..","..","..","..","..",1518.1,81.8,524.9,2124.7,75.3,5.1,71.4,1599.9,796.7,34.5,428.9,1260.1,66.0,4.2,63.2,831.2,91.5,13.0,69.1,173.6,60.2,12.4,52.7,104.5,60.0,8.7,41.1,109.9,62.6,12.7,54.6,68.7,252.3,17.5,101.2,371.0,72.7,6.5,68.0,269.8,18.1,1.9,8.9,28.9,69.1,9.4,62.6,19.9,15.8,"..",12.1,28.4,57.3,2.9,55.6,16.3,87.6,5.8,40.5,133.8,69.8,6.2,65.4,93.4,45.4,4.0,21.5,70.8,69.7,8.1,64.0,49.4,"..","..","..","..","..","..","..","..",1367.4,85.8,723.3,2176.5,66.8,5.9,62.8,1453.2,1679.5,64.9,760.2,2504.6,69.6,3.7,67.1,1744.4,182.9,27.8,118.2,328.9,64.1,13.2,55.6,210.7,129.8,16.6,65.3,211.7,69.2,11.3,61.3,146.4,547.9,31.0,158.2,737.1,78.5,5.4,74.3,578.9,43.0,4.0,14.7,61.7,76.2,8.5,69.8,47.0,29.8,1.1,21.6,52.6,58.9,3.6,56.8,30.9,183.7,13.8,72.7,270.3,73.1,7.0,68.0,197.6,88.7,8.4,37.4,134.5,72.2,8.6,66.0,97.1,"..","..","..","..","..","..","..","..",2885.4,167.6,1248.2,4301.2,71.0,5.5,67.1,3053.0
"2025Q2",874.1,28.6,343.0,1245.7,72.5,3.2,70.2,902.7,85.1,10.2,51.3,146.5,65.0,10.7,58.1,95.2,60.6,8.2,22.1,90.9,75.7,12.0,66.6,68.9,297.0,12.9,62.6,372.5,83.2,4.2,79.7,309.9,26.4,2.0,5.8,34.1,83.0,7.0,77.2,28.3,13.6,"..",9.6,23.7,59.3,3.3,57.4,14.1,105.8,7.9,35.1,148.9,76.4,7.0,71.1,113.7,45.1,5.8,17.5,68.4,74.5,11.4,65.9,50.9,"..","..","..","..","..","..","..","..",1507.6,76.1,547.0,2130.7,74.3,4.8,70.8,1583.7,794.2,26.2,437.7,1258.1,65.2,3.2,63.1,820.4,87.5,12.5,66.7,166.8,60.0,12.5,52.5,100.1,54.4,7.1,41.2,102.7,59.9,11.6,52.9,61.5,254.2,17.8,107.5,379.5,71.7,6.6,67.0,272.0,20.5,1.4,9.3,31.1,70.2,6.3,65.8,21.9,15.3,"..",10.7,26.6,59.7,3.6,57.5,15.9,91.7,8.4,45.2,145.3,68.9,8.4,63.1,100.1,48.1,3.6,21.7,73.5,70.4,7.0,65.5,51.8,"..","..","..","..","..","..","..","..",1365.9,77.7,740.0,2183.6,66.1,5.4,62.6,1443.5,1668.3,54.8,780.7,2503.8,68.8,3.2,66.6,1723.1,172.6,22.7,118.0,313.3,62.3,11.6,55.1,195.3,115.0,15.4,63.3,193.6,67.3,11.8,59.4,130.3,551.2,30.8,170.0,752.0,77.4,5.3,73.3,581.9,46.8,3.4,15.1,65.3,76.9,6.7,71.8,50.2,28.9,1.0,20.4,50.3,59.5,3.4,57.5,29.9,197.5,16.3,80.3,294.1,72.7,7.6,67.1,213.8,93.3,9.5,39.2,141.9,72.4,9.2,65.7,102.7,"..","..","..","..","..","..","..","..",2873.5,153.8,1287.0,4314.3,70.2,5.1,66.6,3027.3
"Table information:"
"Units:"
"Persons Employed in Labour Force: Number, Magnitude = Thousands"
"Persons Unemployed in Labour Force: Number, Magnitude = Thousands"
"Not in Labour Force: Number, Magnitude = Thousands"
"Working Age Population: Number, Magnitude = Thousands"
"Labour Force Participation Rate: Percent, Magnitude = Units"
"Unemployment Rate: Percent, Magnitude = Units"
"Employment Rate: Percent, Magnitude = Units"
"Total Labour Force: Number, Magnitude = Thousands"
""
"Footnotes:"
" "
"Symbols:"
".. figure not available"
"C: Confidential"
"E: Early Estimate"
"P: Provisional"
"R: Revised"
"S: Suppressed"
""
"Status flags are not displayed"
""
"Table reference: "
"HLF128AA"
""
"Last updated:"
"Persons Employed in Labour Force: 06 August 2025 10:45am"
"Persons Unemployed in Labour Force: 06 August 2025 10:45am"
"Not in Labour Force: 06 August 2025 10:45am"
"Working Age Population: 06 August 2025 10:45am"
"Labour Force Participation Rate: 06 August 2025 10:45am"
"Unemployment Rate: 06 August 2025 10:45am"
"Employment Rate: 06 August 2025 10:45am"
"Total Labour Force: 06 August 2025 10:45am"
""
"Source: Statistics New Zealand"
"Contact: Information Centre"
"Telephone: 0508 525 525"
"Email:info@stats.govt.nz"
""
""
""
